gpa,family_income,is_orphan,is_displaced,region,high_school_type,has_verification,gender,faculty,Status
88.7,402.49,0,1,Banadir,Private,1,Male,CS,1
71.9,82.24,0,0,Jubaland,Public,1,Male,Eng,1
92.9,315.55,1,1,Koonfur Galbeed,Public,0,Female,Eng,0
84.9,549.88,0,0,Koonfur Galbeed,Public,1,Female,CS,1
54.7,77.49,0,0,Galmudug,Private,1,Male,Eng,1
98.8,367.42,0,1,Jubaland,Public,1,Male,Eng,1
88.1,104.51,0,0,Puntland,Private,1,Female,Medicine,1
89.3,72.03,0,0,Koonfur Galbeed,Public,1,Female,CS,1
56.4,68.6,1,0,Puntland,Private,0,Female,CS,1
72.5,143.45,0,0,Banadir,Public,1,Female,Agri,1
68.5,52.62,0,0,Jubaland,Public,1,Female,Eng,1
96.3,100.66,1,1,Somaliland,Private,1,Female,Agri,1
82.2,143.97,0,0,Jubaland,Private,1,Female,Eng,1
91.1,155.51,1,0,Koonfur Galbeed,Public,1,Male,Agri,1
72.2,91.7,0,0,Puntland,Public,1,Male,CS,1
61.4,118.85,0,1,Koonfur Galbeed,Public,1,Male,Medicine,1
77.7,86.33,0,0,Puntland,Private,1,Female,Eng,1
53.2,100.16,1,0,Somaliland,Public,0,Male,CS,1
91.4,265.58,1,1,Banadir,Private,1,Female,CS,1
81.6,146.26,0,1,Galmudug,Public,1,Female,Eng,1
87.9,295.79,0,1,Koonfur Galbeed,Private,0,Male,Agri,1
67.7,99.78,0,0,Koonfur Galbeed,Private,1,Male,Eng,1
98.5,54.91,0,0,Puntland,Public,0,Male,CS,1
94.7,188.83,1,0,Hirshabelle,Public,1,Female,Agri,1
88.9,276.39,1,1,Banadir,Private,1,Male,CS,1
59.7,67.99,1,0,Galmudug,Public,1,Male,CS,1
73.3,253.7,0,0,Galmudug,Public,1,Male,Agri,1
52.2,72.07,1,0,Puntland,Public,1,Male,Eng,1
57.7,114.61,0,1,Banadir,Public,1,Female,Agri,1
84.2,196.78,0,1,Banadir,Public,1,Female,Agri,1
87.2,68.25,1,0,Galmudug,Public,1,Male,Eng,1
98.4,225.57,0,1,Galmudug,Public,0,Female,CS,1
66.3,186.96,1,1,Banadir,Public,1,Female,Medicine,1
68.5,242.98,1,0,Jubaland,Public,1,Male,Agri,1
73.5,64.42,1,0,Hirshabelle,Public,1,Male,Agri,1
59.5,102.37,0,1,Puntland,Private,1,Female,Medicine,1
56.5,346.29,0,0,Galmudug,Public,1,Female,Medicine,1
73.8,54.28,1,0,Somaliland,Private,1,Male,CS,1
61.3,363.46,1,0,Puntland,Private,1,Male,Medicine,1
83.5,284.86,0,1,Somaliland,Private,1,Female,Agri,1
71.9,67.47,1,0,Somaliland,Private,1,Female,CS,1
91.6,80.15,0,1,Jubaland,Public,1,Male,Medicine,1
85.0,320.49,0,0,Puntland,Private,1,Male,Agri,1
65.6,168.85,1,0,Somaliland,Public,1,Female,Medicine,1
91.6,148.73,0,1,Galmudug,Public,1,Male,Medicine,1
90.2,106.01,0,0,Somaliland,Private,1,Male,Medicine,1
69.4,152.99,1,0,Galmudug,Public,1,Female,CS,1
64.4,129.87,1,0,Banadir,Public,1,Male,CS,1
84.1,145.16,1,1,Banadir,Private,1,Female,CS,1
57.0,369.81,0,0,Koonfur Galbeed,Private,1,Female,CS,0
60.0,56.26,1,0,Jubaland,Private,1,Male,CS,1
50.4,443.65,0,0,Galmudug,Private,1,Male,Medicine,0
89.3,110.86,0,0,Hirshabelle,Private,1,Female,CS,1
83.2,109.74,0,0,Puntland,Public,1,Male,Agri,1
85.3,253.7,1,0,Koonfur Galbeed,Public,1,Female,CS,1
89.0,403.32,1,0,Somaliland,Public,1,Male,Medicine,1
72.9,197.1,1,0,Koonfur Galbeed,Public,1,Female,Agri,1
78.4,99.77,1,1,Somaliland,Private,1,Male,CS,1
57.0,69.66,0,1,Somaliland,Private,1,Male,Medicine,1
55.7,147.22,0,0,Galmudug,Private,1,Female,Agri,1
83.4,63.9,0,0,Puntland,Private,1,Male,Eng,1
73.6,392.9,0,0,Galmudug,Private,1,Male,CS,1
78.3,112.46,0,1,Koonfur Galbeed,Public,1,Female,Eng,1
88.2,282.65,1,0,Galmudug,Public,0,Female,Eng,1
81.7,344.59,1,0,Banadir,Public,1,Male,Medicine,1
77.7,204.48,1,0,Galmudug,Private,1,Female,CS,1
78.0,288.19,0,0,Banadir,Private,1,Male,CS,1
65.2,200.21,0,0,Banadir,Public,1,Male,Agri,1
51.5,126.52,0,0,Puntland,Public,1,Male,Medicine,1
71.8,276.75,0,1,Somaliland,Public,1,Female,CS,1
60.7,260.19,0,1,Banadir,Public,1,Female,Medicine,1
70.4,77.51,0,1,Banadir,Private,1,Male,Agri,1
92.7,305.29,0,1,Hirshabelle,Private,1,Female,CS,1
61.7,130.95,1,0,Jubaland,Private,1,Male,CS,1
52.9,532.84,0,1,Puntland,Public,1,Male,Medicine,1
64.1,382.82,0,1,Jubaland,Public,0,Male,Eng,0
64.7,180.02,0,1,Galmudug,Private,1,Female,Medicine,1
83.1,218.53,0,1,Hirshabelle,Public,1,Male,Agri,1
77.9,75.5,0,0,Somaliland,Public,1,Female,CS,1
89.2,171.38,0,0,Puntland,Public,1,Male,Medicine,1
83.2,155.24,0,0,Koonfur Galbeed,Public,1,Female,Medicine,1
70.3,132.83,0,0,Galmudug,Public,1,Male,Medicine,1
90.7,160.51,1,0,Koonfur Galbeed,Public,1,Male,Medicine,1
58.3,796.31,0,0,Somaliland,Public,1,Female,Eng,1
51.1,77.09,0,0,Banadir,Private,1,Female,Medicine,1
54.5,66.22,0,1,Somaliland,Private,1,Female,Eng,1
86.1,158.07,0,1,Somaliland,Private,1,Male,CS,1
73.1,122.13,0,0,Hirshabelle,Public,1,Female,Eng,1
58.1,236.66,1,0,Hirshabelle,Private,1,Male,Medicine,0
75.1,100.54,0,0,Banadir,Private,1,Female,Medicine,1
57.6,398.77,1,1,Galmudug,Public,1,Female,CS,1
84.8,345.61,0,1,Somaliland,Public,1,Female,Agri,1
72.3,87.38,0,1,Galmudug,Private,1,Female,Agri,1
69.1,74.25,0,0,Somaliland,Public,1,Male,Agri,1
65.1,253.82,0,0,Jubaland,Public,1,Male,Agri,1
81.5,56.08,0,1,Hirshabelle,Public,1,Female,CS,1
68.1,105.14,1,1,Somaliland,Public,1,Male,Medicine,1
54.4,411.61,1,0,Puntland,Public,1,Male,Medicine,1
55.9,74.62,1,0,Galmudug,Public,1,Female,Agri,1
98.1,205.05,0,0,Koonfur Galbeed,Private,1,Female,CS,1
95.4,162.2,1,0,Jubaland,Public,0,Female,CS,1
85.0,648.6,0,1,Koonfur Galbeed,Private,1,Female,Eng,1
63.3,132.12,1,1,Puntland,Public,1,Female,CS,1
98.5,355.23,1,0,Hirshabelle,Private,1,Male,Eng,1
88.9,474.67,1,0,Koonfur Galbeed,Private,1,Female,CS,1
85.8,79.41,1,0,Somaliland,Public,1,Female,Eng,1
72.5,166.95,1,0,Puntland,Public,1,Female,Agri,1
63.6,184.05,0,0,Galmudug,Private,1,Female,Eng,1
54.8,165.56,1,1,Koonfur Galbeed,Public,1,Male,CS,1
95.1,364.23,0,1,Banadir,Private,0,Female,CS,1
72.8,59.17,1,0,Galmudug,Public,1,Female,CS,1
60.1,98.51,1,1,Koonfur Galbeed,Public,1,Male,CS,1
65.3,88.05,0,1,Banadir,Public,1,Female,Eng,1
79.0,65.83,0,0,Jubaland,Private,1,Female,Medicine,1
58.8,96.65,0,1,Banadir,Public,1,Male,CS,1
92.8,118.51,0,1,Puntland,Private,1,Female,CS,1
87.9,120.55,0,1,Jubaland,Public,1,Male,Agri,1
86.0,55.61,1,0,Somaliland,Private,1,Male,CS,1
71.6,180.99,0,0,Banadir,Private,1,Female,Medicine,1
81.4,81.13,1,0,Hirshabelle,Private,1,Female,Medicine,1
79.2,145.18,0,0,Puntland,Public,1,Male,CS,1
82.5,167.55,0,0,Koonfur Galbeed,Private,1,Male,Agri,1
54.2,212.78,0,1,Puntland,Private,1,Female,CS,1
70.8,135.83,1,0,Jubaland,Public,1,Female,Eng,1
52.1,65.52,0,0,Hirshabelle,Public,1,Male,Eng,1
74.7,52.13,0,1,Jubaland,Private,1,Male,Agri,1
66.5,139.78,0,0,Somaliland,Public,0,Male,Eng,0
57.2,335.54,1,0,Hirshabelle,Private,1,Male,Eng,1
55.2,679.96,0,0,Banadir,Public,1,Male,Medicine,1
79.4,286.25,1,0,Hirshabelle,Public,1,Male,Medicine,1
58.5,129.73,1,0,Galmudug,Private,1,Female,Eng,1
96.3,531.5,1,1,Hirshabelle,Private,1,Female,Eng,1
79.1,481.54,0,0,Somaliland,Public,1,Male,Medicine,1
67.3,311.53,0,0,Somaliland,Private,1,Female,CS,1
79.5,494.06,0,0,Galmudug,Public,1,Female,CS,1
51.1,297.37,0,1,Galmudug,Public,1,Male,Medicine,1
97.9,184.07,1,0,Koonfur Galbeed,Private,1,Female,CS,1
74.1,328.87,0,1,Koonfur Galbeed,Private,1,Male,Medicine,1
89.1,229.01,0,0,Banadir,Public,1,Female,CS,1
54.1,462.79,0,0,Puntland,Private,1,Female,Eng,1
74.3,94.24,0,0,Koonfur Galbeed,Public,1,Female,Eng,1
74.5,77.01,0,0,Somaliland,Private,0,Male,Eng,1
96.9,159.68,1,0,Galmudug,Private,1,Female,Eng,1
78.6,71.72,0,1,Banadir,Private,1,Male,CS,1
73.7,162.29,1,0,Banadir,Public,1,Male,CS,1
63.3,254.2,1,0,Somaliland,Public,1,Female,Eng,1
66.6,393.09,0,0,Hirshabelle,Public,1,Male,Agri,1
76.0,679.9,0,0,Hirshabelle,Private,1,Male,Eng,1
71.9,118.25,0,0,Koonfur Galbeed,Private,1,Female,Eng,1
51.1,136.75,0,0,Puntland,Private,1,Female,Eng,1
91.3,128.78,0,0,Puntland,Public,1,Male,Eng,1
94.8,58.4,1,0,Jubaland,Private,1,Male,Eng,1
57.0,81.19,1,0,Jubaland,Private,1,Male,Eng,1
77.7,69.15,0,0,Banadir,Public,1,Female,CS,1
55.4,198.21,0,0,Jubaland,Public,1,Male,CS,1
83.6,150.84,0,0,Koonfur Galbeed,Public,1,Female,Medicine,1
64.1,555.55,1,1,Puntland,Public,1,Male,Medicine,1
83.0,55.1,0,0,Hirshabelle,Private,1,Male,Eng,1
86.3,107.34,1,1,Jubaland,Private,1,Male,Medicine,1
88.4,140.93,1,0,Jubaland,Public,1,Female,CS,1
55.4,213.89,0,0,Galmudug,Private,1,Male,Eng,1
95.8,97.21,0,0,Galmudug,Public,1,Female,CS,1
61.5,117.4,0,0,Galmudug,Private,1,Male,Agri,1
51.9,97.97,1,1,Banadir,Private,1,Female,CS,1
77.7,257.15,0,1,Somaliland,Private,1,Male,Medicine,1
68.5,97.37,1,0,Hirshabelle,Private,1,Male,Medicine,1
91.5,273.64,1,1,Banadir,Private,0,Male,CS,1
90.4,274.72,1,0,Hirshabelle,Private,1,Male,CS,1
65.9,186.84,0,0,Jubaland,Public,1,Male,CS,1
97.6,115.75,0,1,Banadir,Private,1,Female,Medicine,1
64.5,71.11,1,0,Banadir,Private,1,Female,Medicine,1
75.8,151.83,0,0,Koonfur Galbeed,Private,1,Male,Eng,1
62.8,252.12,1,1,Banadir,Public,1,Male,CS,1
96.8,1763.26,0,1,Banadir,Public,0,Male,Medicine,0
58.2,117.16,0,1,Banadir,Private,1,Female,CS,1
52.2,75.82,1,0,Galmudug,Private,0,Male,Agri,0
71.8,66.35,0,1,Koonfur Galbeed,Private,1,Male,Eng,1
99.6,449.22,0,0,Puntland,Private,1,Female,Agri,1
94.6,173.56,0,0,Hirshabelle,Private,1,Male,Agri,1
87.4,113.55,0,0,Hirshabelle,Private,1,Male,Medicine,1
94.5,155.52,1,1,Puntland,Private,1,Male,Eng,1
94.7,123.2,0,1,Banadir,Public,1,Male,Medicine,1
75.9,149.66,0,1,Jubaland,Private,1,Male,Agri,1
65.8,225.39,0,0,Banadir,Public,1,Female,Medicine,1
88.6,95.91,1,0,Banadir,Private,1,Female,Medicine,1
83.1,292.76,0,0,Jubaland,Private,1,Male,Agri,1
68.7,334.22,1,1,Hirshabelle,Private,1,Female,Agri,1
54.7,76.05,1,0,Koonfur Galbeed,Private,0,Male,Agri,1
87.3,78.38,0,0,Galmudug,Public,1,Male,CS,1
63.1,151.94,1,1,Puntland,Private,1,Male,CS,1
96.8,294.76,1,0,Somaliland,Private,1,Female,Medicine,1
62.0,130.73,0,1,Galmudug,Private,1,Male,Medicine,1
56.1,974.8,0,0,Puntland,Public,1,Female,Medicine,0
91.6,346.16,1,1,Jubaland,Private,1,Female,CS,1
57.7,59.73,1,0,Hirshabelle,Public,1,Male,Eng,1
59.0,207.73,1,0,Hirshabelle,Public,1,Male,CS,1
80.0,288.61,1,0,Banadir,Private,1,Male,Eng,1
93.7,74.55,0,0,Somaliland,Private,1,Female,Agri,1
59.8,390.01,1,0,Puntland,Private,1,Male,Eng,1
65.5,94.23,1,0,Jubaland,Private,1,Male,Medicine,0
88.9,91.98,0,0,Puntland,Private,1,Female,CS,1
98.6,219.33,0,1,Koonfur Galbeed,Public,1,Male,CS,1
75.0,61.92,0,0,Koonfur Galbeed,Public,1,Male,Eng,1
57.2,237.92,1,1,Somaliland,Public,1,Male,Medicine,1
50.7,100.45,0,1,Somaliland,Private,1,Male,CS,1
61.5,93.03,1,0,Jubaland,Private,1,Female,Agri,1
56.6,266.79,0,1,Banadir,Private,1,Female,Eng,1
83.9,173.1,0,0,Koonfur Galbeed,Private,1,Male,Agri,1
56.1,278.19,1,0,Hirshabelle,Private,1,Male,Medicine,1
75.3,191.07,0,0,Somaliland,Public,1,Male,Agri,1
84.7,435.64,1,1,Jubaland,Public,1,Female,CS,1
79.1,336.57,0,0,Somaliland,Public,1,Female,CS,1
60.0,138.42,1,0,Puntland,Public,1,Female,Agri,1
90.2,238.27,0,1,Somaliland,Public,1,Male,Agri,1
85.8,72.04,1,0,Banadir,Private,1,Male,Medicine,1
86.9,266.85,1,1,Hirshabelle,Private,1,Female,CS,1
56.6,70.96,0,1,Galmudug,Public,1,Male,Medicine,1
56.2,53.28,0,1,Koonfur Galbeed,Private,1,Male,Eng,1
96.4,142.74,0,1,Banadir,Private,1,Female,Agri,1
69.9,128.38,0,1,Galmudug,Public,0,Male,Medicine,0
65.0,254.55,1,0,Jubaland,Public,1,Male,CS,1
74.4,65.35,0,1,Galmudug,Private,1,Female,Eng,1
83.1,462.46,0,1,Koonfur Galbeed,Private,1,Male,Eng,1
97.8,379.99,0,1,Somaliland,Public,1,Male,Medicine,1
64.3,549.06,0,0,Banadir,Public,0,Female,Eng,0
96.2,68.01,1,1,Banadir,Public,1,Male,Agri,1
51.2,127.23,0,0,Jubaland,Public,1,Female,CS,1
77.8,83.76,1,0,Puntland,Public,1,Male,Eng,1
81.7,94.18,1,0,Banadir,Private,1,Female,Eng,1
55.3,154.93,0,0,Puntland,Private,1,Male,Medicine,1
57.0,105.16,0,1,Puntland,Private,1,Female,Agri,1
71.0,94.93,0,0,Banadir,Private,1,Female,Eng,1
98.3,130.03,0,1,Jubaland,Public,1,Female,Medicine,1
79.8,187.4,0,1,Galmudug,Public,1,Male,CS,1
96.7,83.3,1,0,Somaliland,Public,1,Male,Eng,1
90.2,122.98,1,1,Banadir,Private,1,Female,CS,1
73.4,163.23,0,0,Galmudug,Public,1,Female,CS,1
89.2,421.91,1,1,Banadir,Private,1,Male,Medicine,1
50.9,188.19,0,1,Hirshabelle,Public,0,Male,Eng,1
55.5,547.96,1,0,Somaliland,Private,1,Male,Agri,1
91.5,588.15,0,1,Somaliland,Private,1,Female,Eng,1
89.8,88.96,1,0,Puntland,Private,1,Male,Agri,1
61.6,67.46,1,0,Puntland,Public,1,Female,Medicine,1
76.5,580.6,1,1,Puntland,Private,1,Female,Medicine,1
80.3,486.38,1,0,Jubaland,Private,1,Female,Agri,1
93.4,796.72,0,1,Puntland,Public,1,Female,Medicine,1
80.2,307.0,1,0,Galmudug,Public,0,Male,Agri,1
70.6,69.15,0,0,Puntland,Public,1,Female,Medicine,1
68.7,220.43,1,1,Jubaland,Public,0,Male,CS,1
71.3,185.52,0,0,Jubaland,Private,1,Male,Eng,1
82.6,364.83,0,0,Galmudug,Public,1,Male,CS,1
93.4,88.8,0,0,Hirshabelle,Private,1,Male,CS,1
72.7,84.26,0,1,Jubaland,Private,1,Female,CS,1
62.4,203.0,1,0,Hirshabelle,Private,1,Female,CS,1
61.8,73.59,1,0,Puntland,Private,1,Male,Medicine,1
87.3,75.7,1,0,Hirshabelle,Private,1,Male,Agri,1
90.8,466.68,0,0,Somaliland,Private,1,Female,Medicine,1
55.3,542.13,1,1,Galmudug,Private,1,Female,Agri,1
53.3,421.87,0,0,Jubaland,Public,0,Female,Eng,0
79.7,285.62,0,0,Koonfur Galbeed,Private,1,Male,CS,1
57.3,120.8,1,1,Puntland,Public,1,Female,CS,1
91.2,122.59,0,0,Jubaland,Private,1,Male,Agri,1
65.5,387.08,0,0,Puntland,Public,1,Male,Eng,1
57.2,680.13,0,0,Galmudug,Public,1,Male,Agri,1
96.0,50.9,0,0,Banadir,Private,1,Female,Medicine,1
58.3,920.71,1,1,Somaliland,Private,1,Male,Eng,1
64.2,88.23,0,1,Banadir,Public,1,Female,Eng,0
57.7,367.65,0,1,Somaliland,Private,1,Female,Agri,1
55.8,93.38,0,1,Jubaland,Public,1,Male,CS,1
51.1,131.55,0,0,Somaliland,Public,1,Female,Agri,1
52.8,235.64,1,0,Somaliland,Private,1,Female,Medicine,1
58.7,100.09,1,1,Puntland,Public,1,Female,Agri,1
52.7,487.85,1,1,Hirshabelle,Public,1,Male,Medicine,1
79.6,77.78,1,1,Hirshabelle,Private,1,Female,Eng,1
84.0,62.53,0,0,Jubaland,Private,0,Female,Medicine,1
69.7,626.79,1,1,Banadir,Private,0,Male,Agri,0
65.9,346.93,0,1,Banadir,Private,1,Female,CS,1
75.2,134.82,0,1,Galmudug,Public,1,Male,Medicine,1
93.8,165.25,1,1,Koonfur Galbeed,Private,1,Female,Eng,1
92.6,246.16,0,0,Koonfur Galbeed,Public,1,Male,Eng,1
52.2,339.69,1,0,Somaliland,Private,1,Male,Medicine,1
59.1,135.41,1,0,Jubaland,Public,1,Female,Eng,1
61.8,233.79,1,0,Puntland,Public,1,Male,Medicine,1
62.5,106.9,0,1,Banadir,Public,1,Male,Eng,1
78.6,56.07,0,0,Hirshabelle,Private,1,Female,Eng,1
70.8,376.09,1,0,Somaliland,Private,1,Female,Eng,1
52.5,69.78,0,0,Jubaland,Public,1,Female,Agri,1
68.7,53.73,0,1,Somaliland,Private,1,Female,Medicine,1
76.2,443.58,1,0,Somaliland,Private,1,Male,CS,1
55.1,465.16,1,0,Koonfur Galbeed,Private,1,Female,Eng,1
91.7,157.32,1,1,Hirshabelle,Private,1,Female,CS,1
52.6,196.1,0,0,Galmudug,Public,1,Female,CS,0
96.2,130.3,0,0,Somaliland,Public,1,Female,Eng,1
55.0,145.66,0,0,Hirshabelle,Public,1,Female,Medicine,1
92.2,99.86,0,0,Somaliland,Private,1,Female,Medicine,1
95.1,94.16,0,1,Jubaland,Public,1,Female,Agri,1
99.0,124.55,0,1,Puntland,Public,1,Male,CS,1
90.1,372.73,0,0,Galmudug,Private,1,Female,CS,1
89.0,626.94,0,1,Banadir,Public,1,Male,CS,1
82.1,340.28,0,1,Hirshabelle,Private,1,Male,CS,1
88.9,271.15,0,0,Galmudug,Public,1,Female,Eng,1
56.7,167.37,0,0,Banadir,Public,1,Female,Eng,1
76.8,110.88,1,0,Jubaland,Private,1,Male,Eng,1
75.7,230.74,0,1,Puntland,Private,1,Male,CS,1
92.9,62.15,1,0,Jubaland,Private,1,Female,Medicine,1
73.1,745.13,0,0,Banadir,Public,1,Female,CS,1
69.3,272.15,0,1,Hirshabelle,Private,1,Female,Eng,1
82.0,428.82,0,1,Jubaland,Public,1,Female,Eng,1
63.3,52.35,0,1,Somaliland,Private,1,Male,CS,1
57.0,68.95,0,1,Koonfur Galbeed,Private,1,Male,Agri,1
73.9,306.26,1,0,Galmudug,Public,1,Male,Eng,1
70.8,54.92,1,1,Galmudug,Public,1,Female,Medicine,1
61.6,188.12,0,0,Puntland,Private,1,Female,Eng,1
68.4,95.81,0,0,Jubaland,Private,1,Male,Eng,1
68.3,117.51,1,1,Galmudug,Private,1,Female,CS,1
66.4,274.63,0,0,Koonfur Galbeed,Public,1,Female,CS,1
69.0,99.13,0,0,Galmudug,Public,1,Female,Eng,1
84.3,118.04,1,1,Puntland,Private,1,Female,Agri,1
64.8,223.26,0,0,Galmudug,Private,1,Male,Eng,1
97.4,81.49,1,0,Banadir,Public,1,Female,Eng,1
95.8,269.56,0,1,Somaliland,Public,0,Male,Eng,1
74.0,389.27,0,1,Koonfur Galbeed,Public,1,Female,Medicine,1
66.4,480.54,0,1,Hirshabelle,Public,1,Female,CS,1
76.8,185.46,1,0,Koonfur Galbeed,Public,1,Male,Medicine,1
92.4,95.31,0,0,Somaliland,Private,1,Female,Agri,1
82.6,82.94,1,1,Galmudug,Private,1,Male,Agri,1
90.2,82.4,1,0,Galmudug,Private,1,Male,Agri,1
76.6,56.18,1,0,Puntland,Private,1,Female,CS,1
81.6,292.7,0,0,Koonfur Galbeed,Public,1,Male,Medicine,1
64.4,170.49,0,0,Koonfur Galbeed,Private,1,Male,Eng,1
86.7,443.94,0,0,Banadir,Private,1,Male,CS,1
60.1,72.96,0,1,Hirshabelle,Public,1,Male,CS,1
84.7,598.11,1,1,Jubaland,Public,1,Female,Eng,0
93.0,153.48,0,0,Galmudug,Public,1,Male,Eng,1
56.6,71.09,1,1,Jubaland,Public,1,Male,Eng,1
80.7,53.37,0,0,Puntland,Public,1,Male,CS,1
54.8,89.75,0,0,Banadir,Private,1,Female,Medicine,1
86.3,391.55,0,1,Jubaland,Private,1,Female,CS,1
54.2,89.68,1,0,Hirshabelle,Private,1,Male,CS,1
96.8,270.99,0,1,Hirshabelle,Public,1,Male,Medicine,1
56.9,64.57,0,0,Puntland,Private,0,Female,Medicine,0
97.9,154.96,1,0,Koonfur Galbeed,Public,1,Male,Agri,1
90.0,226.61,0,0,Somaliland,Public,1,Female,Medicine,1
79.7,364.77,0,0,Jubaland,Private,1,Female,CS,1
89.1,243.86,0,1,Somaliland,Private,1,Male,CS,1
89.8,58.32,0,1,Jubaland,Private,0,Female,Eng,1
97.3,320.97,0,0,Jubaland,Public,1,Male,CS,1
62.7,50.98,0,0,Galmudug,Public,1,Male,CS,1
79.5,85.72,1,1,Jubaland,Public,1,Female,Medicine,1
54.8,482.46,0,1,Jubaland,Public,1,Female,CS,1
80.8,275.07,0,0,Galmudug,Public,1,Female,Eng,1
58.6,260.69,0,0,Somaliland,Public,1,Male,Medicine,1
78.2,175.44,0,0,Jubaland,Public,1,Male,CS,1
78.6,268.18,0,0,Banadir,Private,1,Female,Eng,1
73.3,86.08,0,0,Koonfur Galbeed,Public,1,Female,Medicine,1
76.1,188.66,0,0,Banadir,Public,1,Male,Eng,1
88.2,129.92,0,0,Koonfur Galbeed,Private,0,Female,CS,0
90.0,121.06,1,0,Hirshabelle,Private,0,Male,Eng,1
74.6,242.06,1,0,Koonfur Galbeed,Private,1,Male,CS,1
80.0,102.08,0,1,Banadir,Public,1,Male,Medicine,1
96.6,222.53,0,0,Puntland,Public,1,Female,CS,1
56.0,144.27,0,0,Banadir,Private,1,Female,Agri,1
55.9,939.51,1,0,Somaliland,Private,1,Male,CS,0
54.4,98.05,0,0,Koonfur Galbeed,Private,1,Male,Agri,1
82.9,63.17,0,1,Hirshabelle,Private,1,Male,Agri,1
70.9,448.88,0,0,Galmudug,Public,1,Male,Medicine,1
88.7,664.62,0,0,Hirshabelle,Private,1,Male,Medicine,1
83.6,252.46,0,1,Banadir,Public,1,Female,Medicine,1
66.7,58.34,1,1,Hirshabelle,Private,1,Male,Agri,1
94.9,53.3,1,1,Somaliland,Public,1,Male,Eng,1
88.1,69.47,0,0,Galmudug,Private,1,Female,Medicine,1
63.5,431.09,0,0,Hirshabelle,Private,0,Female,CS,0
68.2,684.16,0,1,Galmudug,Private,1,Male,Agri,1
65.7,77.63,0,0,Somaliland,Private,1,Male,CS,1
57.9,81.48,0,1,Galmudug,Public,1,Female,CS,1
57.4,89.11,0,1,Jubaland,Private,1,Male,CS,1
96.8,400.31,1,0,Galmudug,Public,1,Female,Medicine,1
71.9,226.32,1,0,Jubaland,Public,0,Male,Agri,1
69.2,217.12,1,0,Somaliland,Private,1,Female,Eng,1
86.5,51.72,1,0,Puntland,Public,1,Male,CS,1
77.6,159.78,0,1,Somaliland,Public,1,Female,Medicine,1
96.8,170.74,0,1,Hirshabelle,Private,0,Male,Eng,1
89.0,98.81,0,0,Koonfur Galbeed,Private,1,Male,Medicine,1
74.0,58.29,0,1,Banadir,Private,1,Female,CS,1
68.8,240.63,0,0,Puntland,Private,1,Female,Medicine,1
99.3,234.76,1,1,Jubaland,Private,1,Female,Eng,1
85.9,115.16,0,0,Galmudug,Public,1,Female,Agri,1
97.6,369.72,0,1,Puntland,Private,1,Male,Eng,1
55.9,345.44,0,1,Somaliland,Public,1,Male,CS,1
92.5,286.86,1,0,Banadir,Private,1,Male,Eng,1
81.9,164.15,0,0,Banadir,Public,1,Female,CS,1
56.1,920.22,0,1,Puntland,Private,1,Female,Agri,1
79.4,103.14,0,0,Hirshabelle,Private,1,Female,Medicine,1
84.3,166.56,1,1,Koonfur Galbeed,Private,1,Male,CS,1
50.6,401.69,1,1,Jubaland,Private,1,Female,Medicine,0
72.7,307.33,0,1,Puntland,Private,1,Female,CS,1
91.3,174.66,1,0,Koonfur Galbeed,Private,1,Female,CS,1
64.8,216.81,0,1,Puntland,Private,1,Female,Eng,1
72.9,350.51,1,1,Puntland,Public,1,Female,Eng,1
72.1,161.66,0,0,Banadir,Private,0,Male,Agri,0
65.1,72.27,0,0,Somaliland,Public,1,Male,Medicine,1
95.9,95.02,1,0,Hirshabelle,Public,1,Female,CS,1
89.1,193.65,0,1,Somaliland,Private,1,Female,Medicine,1
55.5,59.56,0,0,Jubaland,Private,1,Female,Medicine,1
99.9,243.39,1,0,Somaliland,Private,1,Female,CS,1
94.0,65.34,1,0,Koonfur Galbeed,Private,1,Female,Agri,1
64.2,125.26,0,1,Galmudug,Private,0,Female,Agri,1
91.8,236.16,1,0,Galmudug,Public,1,Female,CS,1
55.3,84.76,1,1,Jubaland,Private,1,Male,Eng,1
100.0,181.25,0,1,Jubaland,Private,1,Male,Eng,1
83.3,1055.45,1,1,Koonfur Galbeed,Private,1,Male,CS,1
82.5,62.39,0,1,Galmudug,Public,1,Female,Eng,1
54.5,226.77,1,0,Hirshabelle,Private,1,Male,CS,1
94.9,244.21,0,1,Banadir,Public,0,Male,CS,0
51.4,248.22,0,0,Koonfur Galbeed,Public,1,Male,Agri,1
62.0,587.93,0,1,Koonfur Galbeed,Public,1,Male,Eng,1
57.2,277.52,0,0,Galmudug,Private,1,Male,CS,1
88.8,647.87,1,1,Koonfur Galbeed,Private,1,Female,Medicine,1
59.9,176.21,1,1,Jubaland,Public,1,Male,Agri,1
95.5,181.29,0,0,Puntland,Private,1,Male,Medicine,1
82.8,708.97,0,1,Galmudug,Private,1,Male,Agri,1
51.8,220.11,0,0,Galmudug,Private,1,Female,Agri,1
50.3,110.89,0,0,Puntland,Private,1,Female,Medicine,0
52.6,316.42,0,0,Puntland,Public,1,Female,Eng,1
80.3,233.92,1,0,Somaliland,Public,1,Male,Eng,1
90.1,286.03,1,0,Jubaland,Private,0,Female,Eng,1
61.9,219.6,0,1,Puntland,Public,0,Male,Medicine,0
92.5,389.92,0,0,Hirshabelle,Public,1,Female,CS,1
52.9,138.9,1,0,Banadir,Public,1,Female,CS,1
90.0,85.11,0,1,Koonfur Galbeed,Public,1,Female,Eng,1
96.4,95.89,0,1,Galmudug,Public,1,Female,Eng,1
88.6,281.55,0,0,Somaliland,Public,1,Female,Eng,1
84.9,231.27,0,1,Somaliland,Public,1,Female,Eng,1
91.9,610.27,0,0,Galmudug,Private,1,Female,CS,1
52.0,188.38,1,0,Banadir,Public,1,Female,CS,1
60.1,108.8,0,0,Hirshabelle,Public,1,Female,Eng,1
56.2,829.91,0,1,Jubaland,Public,1,Male,Medicine,1
75.2,522.69,0,0,Puntland,Private,1,Female,Eng,1
87.3,364.93,1,0,Koonfur Galbeed,Public,1,Male,CS,1
81.5,472.65,0,1,Galmudug,Private,1,Male,Medicine,0
92.6,146.96,0,0,Puntland,Public,1,Male,Agri,1
57.8,105.12,0,0,Galmudug,Public,1,Male,CS,1
86.7,124.82,0,1,Somaliland,Public,1,Female,CS,1
59.7,459.36,0,1,Hirshabelle,Private,1,Male,Eng,1
63.5,327.77,1,0,Jubaland,Public,1,Female,Eng,1
85.5,61.56,0,0,Koonfur Galbeed,Public,1,Male,Agri,1
99.0,263.96,0,1,Koonfur Galbeed,Public,1,Male,Agri,1
80.6,113.71,0,0,Banadir,Public,1,Male,Eng,1
52.7,663.64,1,0,Somaliland,Private,1,Female,CS,1
80.8,338.24,1,0,Puntland,Public,1,Female,Medicine,1
52.1,256.73,1,0,Jubaland,Public,1,Male,Agri,0
94.2,195.05,0,1,Puntland,Private,1,Female,Medicine,1
85.5,89.14,1,0,Jubaland,Public,1,Female,Agri,1
58.7,278.71,1,0,Puntland,Private,1,Female,Eng,1
54.6,192.76,0,0,Galmudug,Private,1,Male,CS,0
59.2,386.53,0,0,Jubaland,Private,1,Female,Medicine,1
99.0,126.79,1,0,Koonfur Galbeed,Public,1,Female,Eng,1
72.9,255.9,0,1,Koonfur Galbeed,Private,0,Female,CS,0
89.2,70.16,1,1,Galmudug,Private,1,Male,Medicine,1
81.8,93.64,0,0,Jubaland,Public,1,Female,Eng,1
78.6,91.96,0,0,Hirshabelle,Public,1,Male,CS,1
57.3,131.9,0,0,Galmudug,Private,1,Female,Medicine,1
97.3,427.76,1,0,Banadir,Private,1,Female,Eng,1
65.1,167.8,1,0,Somaliland,Public,1,Male,Eng,1
78.9,190.3,0,0,Koonfur Galbeed,Private,1,Male,Medicine,1
85.0,65.62,0,1,Somaliland,Public,1,Female,Agri,1
82.5,162.8,0,1,Banadir,Public,1,Female,Agri,1
97.0,173.71,0,0,Hirshabelle,Private,0,Male,Medicine,1
57.4,127.36,1,1,Koonfur Galbeed,Private,1,Female,CS,1
75.4,248.97,0,0,Galmudug,Public,1,Male,Eng,1
70.2,177.96,0,0,Galmudug,Private,1,Female,CS,1
73.7,83.32,0,1,Somaliland,Public,1,Male,Agri,1
56.0,219.61,1,0,Somaliland,Private,1,Female,Eng,1
56.7,180.37,0,0,Koonfur Galbeed,Public,1,Female,Medicine,1
63.9,127.27,1,1,Koonfur Galbeed,Private,1,Male,Eng,1
65.2,55.01,0,0,Jubaland,Public,1,Female,Medicine,1
71.4,148.93,0,1,Somaliland,Public,1,Male,Agri,1
80.5,499.14,1,0,Puntland,Private,1,Male,CS,1
81.7,385.42,0,1,Banadir,Public,1,Female,Agri,1
70.6,209.9,1,0,Jubaland,Public,1,Female,CS,1
70.4,89.05,0,0,Jubaland,Private,1,Male,Eng,1
60.9,323.24,1,0,Galmudug,Private,1,Male,Agri,1
79.4,363.48,1,1,Hirshabelle,Public,1,Male,Medicine,1
65.9,58.8,1,0,Somaliland,Public,1,Male,CS,1
51.8,526.21,0,1,Puntland,Public,1,Female,Agri,1
70.9,553.98,1,0,Hirshabelle,Private,1,Male,Agri,1
73.7,95.94,1,0,Hirshabelle,Public,1,Female,Medicine,1
61.3,130.87,0,0,Jubaland,Private,1,Male,Medicine,1
78.6,62.97,0,0,Banadir,Private,1,Male,Agri,1
78.3,347.84,1,1,Jubaland,Private,1,Female,CS,1
85.1,184.78,0,0,Galmudug,Private,1,Female,Eng,1
82.4,277.74,1,1,Koonfur Galbeed,Private,1,Male,Medicine,1
82.6,246.03,1,0,Jubaland,Public,1,Male,CS,1
65.8,299.59,0,0,Jubaland,Private,1,Male,Agri,1
89.4,163.39,0,1,Somaliland,Private,1,Female,Medicine,1
77.5,103.47,0,1,Somaliland,Private,1,Male,Agri,1
71.6,157.0,0,1,Banadir,Private,1,Male,Eng,1
81.3,81.63,1,0,Banadir,Private,1,Female,Medicine,1
68.0,811.15,0,1,Hirshabelle,Public,1,Female,Medicine,1
75.6,150.42,0,1,Somaliland,Public,1,Female,Medicine,1
86.8,109.33,1,0,Hirshabelle,Private,1,Male,Agri,1
94.3,131.06,0,1,Somaliland,Public,1,Female,Eng,1
96.1,136.08,1,0,Koonfur Galbeed,Private,0,Male,Eng,1
75.2,177.33,0,1,Puntland,Private,1,Female,Medicine,1
76.0,178.0,0,1,Puntland,Public,1,Male,CS,1
90.0,114.35,0,1,Galmudug,Public,1,Female,CS,1
65.7,180.0,1,1,Hirshabelle,Public,1,Male,Eng,1
91.9,785.64,1,1,Puntland,Public,1,Male,Medicine,1
74.7,73.49,1,1,Jubaland,Private,1,Female,Medicine,1
55.8,88.44,1,0,Puntland,Private,0,Male,Medicine,0
53.6,696.85,1,0,Hirshabelle,Private,1,Female,Medicine,1
92.1,360.51,1,0,Jubaland,Public,1,Female,Eng,1
52.8,662.04,0,0,Galmudug,Public,1,Female,Eng,1
64.0,274.3,1,1,Puntland,Public,1,Male,Agri,1
66.7,425.84,1,1,Somaliland,Public,1,Female,CS,1
58.6,66.27,1,0,Galmudug,Private,1,Male,Eng,1
65.7,408.93,0,0,Somaliland,Private,1,Male,CS,1
87.1,199.62,0,1,Galmudug,Public,0,Male,Agri,1
50.7,440.69,1,0,Puntland,Private,1,Male,Eng,1
91.4,220.18,0,1,Somaliland,Public,1,Male,Medicine,1
92.8,51.48,0,1,Banadir,Private,0,Male,Agri,1
68.6,119.29,1,0,Banadir,Public,1,Male,Medicine,1
57.7,91.71,0,0,Puntland,Public,1,Male,CS,0
80.0,298.88,0,0,Jubaland,Public,1,Male,Medicine,1
56.0,249.04,0,0,Puntland,Public,1,Female,CS,1
68.2,115.91,0,0,Banadir,Public,1,Male,Agri,1
97.9,147.3,1,0,Koonfur Galbeed,Private,1,Female,Eng,1
99.8,94.94,1,0,Jubaland,Private,0,Female,Eng,1
88.6,90.82,1,0,Hirshabelle,Private,1,Male,Agri,1
65.5,69.6,1,0,Hirshabelle,Public,1,Female,Eng,1
84.4,184.66,1,1,Banadir,Private,1,Male,Medicine,1
85.3,107.05,0,0,Galmudug,Public,1,Male,CS,1
69.4,160.5,1,1,Koonfur Galbeed,Public,1,Female,Medicine,1
82.0,203.99,0,0,Jubaland,Private,1,Male,Agri,1
50.5,210.61,0,0,Koonfur Galbeed,Private,1,Male,Agri,0
60.5,93.25,1,0,Koonfur Galbeed,Public,1,Male,Eng,1
76.3,115.08,1,1,Jubaland,Private,1,Male,CS,1
58.2,52.57,0,0,Banadir,Public,1,Male,CS,1
58.3,146.88,1,0,Galmudug,Public,1,Female,Agri,1
91.8,300.19,0,0,Koonfur Galbeed,Public,0,Male,CS,1
99.5,56.68,0,1,Galmudug,Public,1,Female,Eng,1
77.8,377.51,0,0,Hirshabelle,Public,1,Male,Medicine,1
92.0,459.28,0,0,Jubaland,Private,1,Female,Medicine,1
99.5,200.69,0,1,Somaliland,Public,1,Female,Eng,1
57.1,378.26,0,0,Koonfur Galbeed,Private,1,Female,Agri,1
72.4,161.39,0,0,Puntland,Public,1,Female,Eng,1
69.6,109.29,0,1,Jubaland,Public,1,Male,Medicine,0
54.0,61.41,1,0,Puntland,Private,1,Female,Medicine,1
87.8,59.16,1,0,Galmudug,Private,1,Male,Agri,1
71.7,380.17,1,0,Koonfur Galbeed,Private,1,Female,Eng,0
73.5,547.73,0,0,Koonfur Galbeed,Public,1,Female,Medicine,1
57.5,192.46,1,1,Puntland,Private,0,Female,Eng,1
59.0,451.67,1,1,Hirshabelle,Public,1,Male,CS,1
95.4,234.6,0,0,Koonfur Galbeed,Public,1,Female,CS,1
52.2,352.1,0,0,Hirshabelle,Public,1,Female,Agri,1
61.6,220.09,0,1,Jubaland,Private,1,Female,Eng,1
64.6,212.48,0,1,Puntland,Private,1,Female,CS,1
74.5,126.75,0,0,Jubaland,Private,1,Female,CS,0
79.3,219.43,0,1,Hirshabelle,Private,0,Female,Agri,1
74.7,104.1,0,0,Galmudug,Public,1,Female,Eng,1
54.2,60.33,1,1,Somaliland,Public,1,Male,Eng,1
62.2,188.15,0,0,Puntland,Private,1,Female,CS,1
92.2,67.74,0,0,Galmudug,Private,1,Male,Agri,1
81.9,152.32,1,1,Somaliland,Private,1,Female,Agri,1
82.5,53.97,0,1,Jubaland,Private,1,Male,Medicine,1
83.5,221.74,0,0,Koonfur Galbeed,Public,0,Male,Medicine,0
88.1,118.12,0,0,Banadir,Private,1,Male,Eng,1
52.9,73.87,0,1,Puntland,Private,1,Male,Agri,1
68.3,146.29,0,0,Koonfur Galbeed,Public,0,Male,Eng,1
77.0,140.64,0,0,Koonfur Galbeed,Public,1,Male,Agri,1
66.9,315.48,0,1,Somaliland,Public,1,Male,Eng,1
92.2,503.95,1,0,Koonfur Galbeed,Public,1,Male,Medicine,1
74.1,303.55,1,0,Puntland,Private,1,Female,Medicine,1
88.4,72.95,0,0,Banadir,Public,1,Male,Agri,1
92.6,98.23,0,1,Somaliland,Private,1,Female,CS,1
75.2,1191.09,0,0,Jubaland,Public,1,Male,CS,0
95.5,143.95,1,1,Banadir,Public,1,Male,Eng,1
79.4,141.65,1,1,Puntland,Private,1,Male,Medicine,1
92.5,352.95,0,1,Hirshabelle,Public,1,Male,Agri,1
67.0,342.31,0,0,Galmudug,Private,1,Female,CS,1
74.9,75.22,0,0,Galmudug,Public,1,Female,Medicine,1
76.6,212.34,1,0,Koonfur Galbeed,Public,1,Male,CS,1
55.2,72.4,1,0,Puntland,Private,1,Female,Eng,1
69.9,377.18,0,1,Koonfur Galbeed,Private,1,Male,Eng,1
95.9,64.14,0,1,Somaliland,Public,1,Female,Medicine,1
81.5,188.13,0,0,Koonfur Galbeed,Private,1,Male,Medicine,1
58.9,424.35,1,0,Hirshabelle,Public,1,Male,CS,1
66.9,154.9,1,1,Puntland,Private,1,Male,Eng,1
59.6,273.72,0,0,Puntland,Private,1,Male,Agri,1
51.2,209.65,0,1,Jubaland,Private,1,Female,Eng,1
96.4,410.02,0,0,Jubaland,Private,0,Female,CS,1
72.4,600.72,0,1,Puntland,Private,1,Female,Eng,1
65.4,277.52,1,1,Puntland,Private,1,Female,CS,1
79.9,516.35,0,0,Koonfur Galbeed,Private,1,Male,CS,1
50.4,127.91,1,0,Hirshabelle,Private,1,Female,CS,1
63.9,192.02,0,1,Puntland,Public,1,Female,CS,1
85.2,157.49,0,0,Hirshabelle,Private,0,Female,CS,1
81.7,531.36,0,0,Puntland,Private,1,Male,Eng,1
99.1,356.11,0,0,Jubaland,Private,1,Female,CS,1
81.0,117.47,0,0,Banadir,Public,1,Female,Eng,1
73.9,134.41,1,1,Galmudug,Public,1,Male,Agri,1
88.1,617.7,0,0,Puntland,Public,1,Female,Eng,1
95.2,99.64,0,0,Puntland,Private,1,Female,Medicine,1
86.0,141.72,0,1,Puntland,Public,1,Female,Eng,1
98.2,132.16,0,0,Puntland,Private,1,Female,CS,1
89.1,54.86,1,0,Banadir,Public,1,Male,Medicine,1
93.3,210.65,1,1,Jubaland,Public,1,Female,Medicine,1
55.7,146.92,0,1,Koonfur Galbeed,Private,1,Female,Agri,1
86.6,73.75,1,0,Somaliland,Public,1,Male,Agri,1
72.0,53.16,1,1,Hirshabelle,Private,1,Female,Agri,1
77.7,149.25,1,0,Jubaland,Public,1,Male,Eng,1
82.7,359.25,0,0,Puntland,Public,1,Female,Medicine,1
98.5,327.81,0,1,Banadir,Private,1,Male,Agri,1
99.2,98.94,0,1,Hirshabelle,Private,1,Male,Agri,1
64.4,115.0,1,0,Banadir,Private,0,Male,Medicine,0
86.7,169.62,1,0,Somaliland,Public,1,Male,Agri,1
87.5,67.21,0,0,Banadir,Private,1,Female,Agri,1
67.3,233.75,0,0,Hirshabelle,Private,1,Male,Medicine,1
56.2,103.59,1,1,Koonfur Galbeed,Private,0,Female,CS,1
52.0,433.28,1,1,Somaliland,Public,0,Male,CS,0
88.9,237.95,0,0,Somaliland,Private,1,Male,Eng,1
74.5,117.29,1,0,Jubaland,Public,1,Female,CS,1
99.3,348.29,0,0,Jubaland,Public,1,Male,Medicine,1
73.2,461.6,0,0,Somaliland,Private,1,Male,Eng,1
98.9,191.18,0,1,Somaliland,Private,1,Female,Agri,1
70.6,107.83,1,0,Puntland,Private,1,Male,Agri,1
89.7,647.65,1,0,Puntland,Public,1,Female,Eng,1
54.2,414.01,0,1,Galmudug,Public,1,Female,Medicine,1
77.8,489.13,0,1,Hirshabelle,Private,1,Female,CS,1
90.1,251.13,0,0,Hirshabelle,Public,1,Male,Eng,1
96.2,238.02,0,0,Jubaland,Private,1,Male,CS,1
91.1,264.32,0,0,Hirshabelle,Public,1,Female,Eng,1
51.8,82.44,0,0,Galmudug,Private,1,Female,Agri,1
68.6,218.74,0,0,Somaliland,Private,0,Female,Eng,0
52.4,84.3,0,1,Somaliland,Private,0,Male,Eng,0
55.5,103.55,0,0,Jubaland,Public,1,Female,Eng,1
83.8,121.16,1,0,Somaliland,Private,1,Female,Agri,1
85.7,310.48,0,1,Hirshabelle,Public,1,Female,Medicine,1
88.7,179.49,1,0,Puntland,Private,1,Female,Medicine,1
93.3,179.31,1,1,Banadir,Private,1,Male,CS,1
87.0,243.83,0,1,Jubaland,Private,0,Male,Eng,1
90.0,178.46,0,1,Banadir,Private,0,Male,CS,1
52.4,276.87,0,1,Puntland,Private,1,Female,Medicine,0
61.7,63.88,0,1,Somaliland,Public,0,Female,Eng,0
81.1,141.63,0,1,Banadir,Private,1,Male,CS,1
92.9,184.27,0,0,Puntland,Private,0,Male,Eng,1
50.2,71.0,0,0,Jubaland,Private,1,Male,CS,1
75.7,160.61,0,0,Somaliland,Public,1,Male,CS,1
83.9,162.81,0,0,Koonfur Galbeed,Private,1,Male,CS,1
51.5,271.27,1,0,Banadir,Public,1,Female,CS,1
70.1,120.89,0,0,Hirshabelle,Public,1,Female,Agri,1
94.8,247.53,0,0,Galmudug,Private,1,Male,Agri,1
83.6,296.1,1,0,Galmudug,Public,1,Male,Eng,1
61.9,262.35,0,0,Galmudug,Public,1,Male,Eng,1
92.6,107.65,1,1,Banadir,Private,1,Male,Eng,1
67.4,285.07,0,0,Hirshabelle,Public,1,Male,Agri,1
92.7,266.26,0,1,Somaliland,Private,1,Male,Medicine,1
64.9,120.2,1,0,Galmudug,Private,1,Male,CS,1
79.5,97.9,0,1,Somaliland,Public,1,Male,Eng,1
69.8,117.36,0,1,Somaliland,Private,1,Female,Agri,1
63.7,81.18,1,0,Galmudug,Public,1,Male,CS,1
94.3,197.73,1,1,Koonfur Galbeed,Private,1,Male,Medicine,1
59.4,183.52,1,0,Koonfur Galbeed,Public,1,Male,Medicine,1
54.2,157.03,0,0,Hirshabelle,Private,1,Male,Medicine,0
67.1,113.09,0,1,Jubaland,Private,1,Female,Eng,1
85.9,69.57,1,0,Jubaland,Public,1,Male,Medicine,1
90.4,461.93,0,0,Koonfur Galbeed,Private,0,Male,Agri,1
99.9,203.69,0,0,Puntland,Private,1,Female,Eng,1
64.8,323.3,1,0,Koonfur Galbeed,Private,1,Male,CS,1
70.4,371.93,0,0,Galmudug,Public,1,Male,Agri,1
56.8,325.05,0,0,Galmudug,Public,1,Male,Eng,1
78.7,150.08,0,0,Galmudug,Private,1,Male,Medicine,1
99.9,229.79,0,1,Hirshabelle,Public,1,Female,Medicine,1
85.0,58.21,1,0,Galmudug,Public,1,Female,Agri,1
79.8,356.85,1,0,Banadir,Public,1,Male,Medicine,1
69.6,478.29,0,1,Hirshabelle,Public,1,Male,CS,1
95.8,542.75,0,0,Hirshabelle,Public,1,Male,Medicine,1
74.8,100.05,0,0,Koonfur Galbeed,Public,1,Female,CS,1
56.7,94.84,0,1,Koonfur Galbeed,Private,1,Female,Eng,1
68.3,173.19,0,1,Koonfur Galbeed,Private,1,Male,CS,1
53.4,234.23,1,0,Banadir,Private,1,Female,Eng,1
60.1,215.56,0,0,Galmudug,Public,1,Male,Medicine,1
50.9,409.73,0,1,Koonfur Galbeed,Private,1,Female,Agri,0
72.7,186.04,1,1,Koonfur Galbeed,Private,1,Male,Medicine,1
81.7,180.88,0,0,Jubaland,Private,1,Male,Agri,1
67.2,189.73,1,0,Koonfur Galbeed,Private,1,Female,Agri,1
71.0,152.06,0,0,Koonfur Galbeed,Public,1,Female,CS,1
98.0,148.93,0,0,Banadir,Private,1,Male,Eng,1
87.6,119.57,1,1,Koonfur Galbeed,Private,1,Female,CS,1
77.0,77.34,0,1,Galmudug,Public,1,Male,Agri,1
64.2,105.21,0,0,Galmudug,Public,1,Male,Eng,1
94.8,77.11,0,1,Puntland,Public,1,Female,CS,1
61.8,170.37,1,1,Koonfur Galbeed,Public,1,Female,CS,1
66.3,708.35,0,0,Somaliland,Private,1,Male,Medicine,0
95.5,208.68,0,1,Somaliland,Private,1,Female,Agri,1
76.5,191.65,1,0,Somaliland,Private,0,Female,Eng,0
87.1,197.38,1,0,Koonfur Galbeed,Private,1,Male,CS,1
79.5,94.72,0,0,Jubaland,Public,1,Female,Medicine,1
82.7,169.71,0,0,Banadir,Public,1,Male,Medicine,1
65.0,91.19,0,1,Banadir,Private,1,Female,Eng,1
62.1,246.99,0,0,Koonfur Galbeed,Private,1,Male,CS,1
66.1,383.15,0,0,Puntland,Public,1,Male,Medicine,1
57.8,94.58,0,0,Hirshabelle,Private,1,Male,Agri,1
93.7,541.58,0,0,Banadir,Public,1,Male,Medicine,1
64.2,449.69,0,0,Koonfur Galbeed,Private,1,Male,Eng,0
78.1,50.32,1,1,Galmudug,Public,1,Female,Medicine,1
89.6,130.7,0,0,Puntland,Public,1,Male,Medicine,1
89.2,88.63,1,0,Koonfur Galbeed,Public,1,Male,Eng,1
71.9,80.62,1,1,Somaliland,Private,1,Male,CS,1
73.8,367.23,0,0,Koonfur Galbeed,Public,1,Male,CS,1
99.7,276.28,1,1,Galmudug,Public,1,Male,Agri,1
83.7,169.23,1,0,Jubaland,Private,1,Female,Agri,1
90.7,343.47,0,0,Banadir,Private,1,Male,Eng,1
95.1,310.92,1,1,Puntland,Public,1,Female,CS,1
89.4,67.1,0,1,Banadir,Private,1,Female,CS,1
59.3,65.02,1,1,Hirshabelle,Private,1,Male,CS,1
78.1,305.79,0,0,Banadir,Public,1,Female,Agri,1
55.1,68.37,0,0,Banadir,Private,1,Male,Agri,1
82.6,389.75,0,1,Banadir,Public,1,Female,Medicine,1
97.8,236.36,1,0,Koonfur Galbeed,Private,1,Female,Agri,1
75.6,280.1,0,1,Koonfur Galbeed,Public,1,Female,CS,1
71.6,145.97,0,0,Hirshabelle,Public,1,Female,Eng,1
51.8,106.12,0,1,Banadir,Private,1,Male,CS,1
98.0,123.44,0,0,Jubaland,Private,1,Male,Medicine,1
55.2,72.68,1,0,Koonfur Galbeed,Private,1,Female,Agri,1
52.1,126.79,1,0,Banadir,Public,1,Male,Agri,1
62.3,261.22,0,0,Hirshabelle,Private,1,Female,CS,1
53.3,421.98,0,1,Banadir,Private,1,Male,CS,1
72.8,61.46,0,0,Hirshabelle,Private,1,Male,Eng,1
75.8,405.54,0,0,Jubaland,Public,1,Male,CS,1
65.6,599.17,1,1,Koonfur Galbeed,Private,1,Female,Eng,1
52.5,523.37,1,1,Somaliland,Private,1,Male,Eng,1
55.6,192.3,0,0,Hirshabelle,Public,0,Male,CS,0
69.2,404.4,0,1,Hirshabelle,Public,1,Female,CS,0
53.0,308.28,0,0,Somaliland,Private,1,Male,CS,0
84.9,186.8,0,1,Galmudug,Private,1,Male,Agri,1
60.4,200.07,0,0,Jubaland,Public,1,Male,Medicine,1
65.1,81.84,1,0,Jubaland,Public,1,Male,Eng,1
69.7,361.63,0,0,Hirshabelle,Private,1,Male,Medicine,1
70.8,64.34,1,0,Puntland,Public,1,Female,Eng,1
50.1,257.24,0,0,Banadir,Public,1,Male,CS,1
55.6,747.05,0,0,Jubaland,Private,1,Male,CS,1
93.1,306.72,0,1,Hirshabelle,Private,1,Male,Eng,1
50.1,195.44,0,0,Puntland,Public,1,Male,Eng,1
75.4,135.67,0,0,Somaliland,Private,1,Male,CS,1
74.5,389.8,0,1,Galmudug,Private,1,Female,Medicine,1
66.7,67.03,1,1,Jubaland,Private,1,Female,Agri,1
71.6,171.67,0,1,Galmudug,Private,1,Male,CS,1
89.0,318.38,1,0,Jubaland,Public,1,Male,CS,1
92.1,123.62,1,0,Hirshabelle,Private,1,Female,Medicine,1
63.0,138.88,0,0,Koonfur Galbeed,Public,1,Male,CS,1
66.1,66.66,0,0,Jubaland,Private,1,Male,Eng,1
62.1,79.13,0,0,Jubaland,Private,1,Male,Eng,1
74.0,55.34,0,1,Puntland,Private,1,Male,Medicine,1
84.2,127.04,1,1,Jubaland,Public,1,Female,Eng,1
61.4,182.42,1,1,Hirshabelle,Private,1,Female,Medicine,1
66.5,121.6,0,0,Jubaland,Public,0,Male,Eng,0
96.5,112.72,0,1,Galmudug,Public,1,Male,CS,1
52.4,258.02,1,0,Somaliland,Private,0,Male,Medicine,0
73.0,548.02,1,1,Galmudug,Private,1,Female,Eng,1
85.6,185.54,0,0,Galmudug,Public,1,Male,Medicine,1
57.5,191.79,1,0,Jubaland,Private,0,Male,CS,0
52.4,109.95,0,0,Koonfur Galbeed,Private,1,Female,Medicine,1
56.9,134.12,0,1,Koonfur Galbeed,Public,1,Female,Eng,1
95.9,124.16,0,1,Puntland,Private,1,Male,CS,1
50.5,601.63,0,1,Puntland,Public,1,Male,Eng,1
59.4,273.59,1,1,Koonfur Galbeed,Public,1,Male,Eng,1
51.6,326.31,0,1,Somaliland,Public,1,Female,Eng,1
55.5,88.61,0,1,Somaliland,Private,1,Female,CS,1
81.0,361.26,0,0,Hirshabelle,Private,1,Female,Agri,1
62.1,154.72,0,1,Galmudug,Public,1,Male,CS,0
78.5,76.82,0,0,Banadir,Public,1,Male,Agri,1
79.5,234.58,0,0,Banadir,Private,1,Male,Eng,1
92.5,78.71,1,0,Hirshabelle,Private,1,Male,CS,1
50.2,158.73,0,0,Hirshabelle,Private,1,Male,Eng,1
92.7,73.74,1,1,Somaliland,Private,1,Male,Medicine,1
81.0,191.87,0,1,Koonfur Galbeed,Private,1,Male,Medicine,1
58.1,90.68,1,0,Banadir,Private,1,Female,Medicine,1
88.6,93.38,1,1,Koonfur Galbeed,Public,1,Female,Eng,1
92.8,79.21,0,0,Banadir,Public,1,Male,Eng,1
62.7,57.6,0,0,Galmudug,Public,1,Male,Agri,1
95.9,74.11,1,0,Hirshabelle,Private,1,Female,CS,1
72.7,318.25,0,0,Galmudug,Private,1,Male,Eng,1
80.2,134.95,1,0,Hirshabelle,Private,1,Male,Eng,1
99.2,371.95,0,0,Somaliland,Public,1,Female,Eng,1
68.1,530.65,0,0,Somaliland,Public,1,Male,Medicine,1
90.7,571.02,0,0,Puntland,Private,1,Male,Medicine,0
65.9,63.14,1,1,Banadir,Public,1,Female,Eng,1
90.0,191.0,0,0,Puntland,Private,1,Female,Medicine,1
80.0,69.25,1,0,Puntland,Public,1,Male,CS,1
60.8,432.45,1,0,Hirshabelle,Private,0,Female,Medicine,0
70.7,323.3,0,0,Puntland,Private,1,Male,CS,1
65.9,130.77,0,0,Puntland,Public,0,Female,CS,1
53.9,138.49,0,0,Hirshabelle,Public,1,Female,CS,0
51.5,196.17,0,1,Jubaland,Private,1,Female,Eng,1
67.3,260.96,1,0,Puntland,Public,1,Female,Agri,1
51.0,384.71,0,1,Galmudug,Private,1,Female,Medicine,0
58.3,70.85,0,0,Puntland,Public,1,Male,CS,1
86.3,198.27,1,0,Hirshabelle,Public,0,Female,Agri,1
85.4,136.25,0,0,Banadir,Public,1,Male,CS,1
86.9,107.51,0,0,Galmudug,Public,0,Male,Agri,1
65.9,271.43,0,0,Galmudug,Public,1,Male,Eng,1
94.5,142.51,0,0,Somaliland,Public,1,Male,CS,1
79.7,304.34,1,0,Galmudug,Private,1,Female,Medicine,1
56.3,365.4,0,1,Somaliland,Private,1,Male,Medicine,1
57.2,135.2,0,0,Galmudug,Public,1,Male,Eng,1
84.7,53.06,0,0,Puntland,Public,1,Male,CS,1
58.6,684.62,0,1,Jubaland,Private,1,Female,Agri,0
75.4,270.08,1,0,Hirshabelle,Private,1,Female,Eng,1
99.6,458.73,0,1,Koonfur Galbeed,Public,0,Female,Agri,1
50.2,67.07,1,1,Somaliland,Private,1,Male,Agri,1
50.8,75.08,1,1,Jubaland,Public,1,Female,CS,1
99.7,61.09,0,0,Jubaland,Private,0,Male,Medicine,1
79.2,94.24,1,0,Koonfur Galbeed,Private,1,Male,Agri,1
56.3,51.59,0,1,Koonfur Galbeed,Private,1,Female,Medicine,1
94.9,427.51,1,1,Galmudug,Private,0,Male,CS,1
94.0,117.99,0,1,Hirshabelle,Public,1,Female,CS,1
76.8,337.68,0,0,Banadir,Private,1,Male,CS,1
81.1,371.6,0,0,Hirshabelle,Private,1,Female,Agri,1
63.7,369.01,0,0,Hirshabelle,Public,1,Male,Medicine,1
52.5,169.32,1,0,Hirshabelle,Public,1,Female,Eng,1
79.7,683.72,0,0,Galmudug,Private,1,Male,Agri,1
64.7,448.89,0,1,Koonfur Galbeed,Public,1,Female,CS,1
83.2,624.91,0,0,Galmudug,Private,1,Female,Eng,1
91.8,209.38,1,1,Hirshabelle,Public,1,Male,CS,1
50.9,417.82,1,1,Puntland,Public,1,Male,CS,1
79.8,160.46,0,0,Galmudug,Public,1,Female,CS,1
61.6,288.24,0,0,Jubaland,Private,1,Male,Medicine,1
93.7,266.47,0,1,Koonfur Galbeed,Private,1,Male,Medicine,1
62.7,63.37,1,0,Koonfur Galbeed,Public,1,Female,Medicine,1
80.5,90.51,1,0,Hirshabelle,Private,1,Male,CS,1
77.7,328.87,0,1,Puntland,Public,1,Female,CS,1
69.8,54.74,1,1,Jubaland,Private,1,Female,Eng,1
83.9,313.66,0,1,Banadir,Private,1,Male,CS,1
86.3,208.81,1,1,Koonfur Galbeed,Public,1,Male,Agri,1
78.3,896.73,0,0,Puntland,Private,1,Female,Agri,1
87.9,56.19,0,1,Galmudug,Public,1,Female,Eng,1
99.2,180.24,0,1,Jubaland,Private,1,Female,Eng,1
71.0,621.89,0,1,Koonfur Galbeed,Public,1,Female,Eng,1
75.7,51.57,1,1,Hirshabelle,Private,1,Male,Eng,1
50.6,241.68,0,1,Hirshabelle,Private,1,Male,Agri,1
89.8,127.83,1,1,Galmudug,Public,1,Female,Agri,1
76.0,102.3,1,0,Banadir,Public,1,Female,Medicine,1
70.4,294.09,1,1,Koonfur Galbeed,Private,1,Male,Eng,1
54.7,162.69,1,0,Banadir,Public,1,Male,Agri,1
94.5,203.17,0,0,Jubaland,Private,1,Male,CS,1
69.8,50.03,0,1,Somaliland,Public,1,Female,Medicine,1
84.1,190.81,0,1,Somaliland,Public,1,Male,Eng,1
57.5,64.37,0,0,Koonfur Galbeed,Private,0,Male,Eng,0
98.1,168.41,1,0,Puntland,Public,1,Male,Medicine,1
58.9,66.14,0,0,Galmudug,Public,1,Female,CS,1
60.0,248.11,0,0,Puntland,Private,1,Female,CS,1
92.9,84.07,0,0,Koonfur Galbeed,Public,1,Female,Eng,1
95.6,54.89,0,1,Hirshabelle,Public,1,Female,Agri,1
60.6,357.07,1,0,Somaliland,Private,1,Female,Agri,1
73.5,93.98,0,1,Banadir,Private,1,Male,Medicine,1
86.7,51.46,1,0,Puntland,Public,1,Female,CS,1
93.9,265.24,1,1,Puntland,Public,1,Female,Eng,1
69.0,184.27,1,0,Somaliland,Private,1,Female,Eng,1
75.9,220.06,0,1,Koonfur Galbeed,Private,1,Male,Medicine,1
87.1,419.65,1,1,Banadir,Public,1,Male,Medicine,1
86.6,86.45,0,1,Galmudug,Private,1,Male,CS,1
89.1,100.96,0,1,Somaliland,Private,1,Male,Eng,1
78.5,297.47,1,0,Banadir,Private,0,Female,Eng,0
55.2,131.53,1,0,Galmudug,Private,1,Male,Medicine,1
95.2,102.95,0,0,Galmudug,Private,1,Male,Agri,1
93.3,351.54,1,1,Koonfur Galbeed,Public,1,Male,Eng,1
89.9,127.78,0,0,Jubaland,Public,1,Female,Agri,1
55.0,125.0,0,0,Somaliland,Private,0,Male,Medicine,0
60.2,576.83,1,0,Hirshabelle,Private,1,Male,Medicine,0
87.2,53.01,0,0,Puntland,Private,1,Male,Agri,1
51.2,590.71,1,1,Galmudug,Private,1,Female,Agri,1
99.0,122.63,0,1,Koonfur Galbeed,Public,0,Male,Agri,1
68.9,638.88,1,1,Banadir,Private,1,Male,Agri,1
86.0,74.93,1,1,Koonfur Galbeed,Public,1,Female,Medicine,1
94.4,204.43,1,1,Puntland,Private,1,Male,CS,1
69.7,291.54,0,0,Jubaland,Public,1,Male,Medicine,1
66.0,300.55,1,1,Puntland,Private,1,Female,Agri,1
80.4,67.27,0,0,Puntland,Private,1,Male,Medicine,1
79.0,66.33,1,1,Galmudug,Private,1,Female,Eng,1
70.5,224.07,0,1,Jubaland,Private,1,Female,Agri,1
80.1,67.23,0,0,Jubaland,Private,1,Male,Agri,1
96.8,339.97,1,0,Jubaland,Public,1,Male,Agri,1
73.4,388.14,0,0,Hirshabelle,Private,1,Female,Eng,1
59.8,77.54,0,0,Koonfur Galbeed,Public,0,Male,Medicine,1
68.9,313.86,1,1,Jubaland,Private,1,Male,Agri,1
69.7,58.98,0,0,Puntland,Public,1,Female,CS,1
56.6,615.11,0,0,Somaliland,Public,1,Male,CS,1
58.1,182.74,0,0,Jubaland,Private,1,Male,Agri,1
84.2,287.06,0,0,Banadir,Public,1,Male,Eng,1
67.0,284.59,0,0,Puntland,Public,1,Female,Medicine,1
97.7,242.81,0,0,Puntland,Private,1,Female,CS,1
62.2,210.53,0,0,Koonfur Galbeed,Private,1,Female,Medicine,1
54.9,55.13,0,0,Somaliland,Public,1,Female,Agri,1
87.7,411.75,0,0,Koonfur Galbeed,Public,1,Female,Eng,1
94.1,216.06,1,0,Jubaland,Public,1,Female,Medicine,1
63.9,101.56,1,1,Jubaland,Private,1,Male,Eng,1
60.1,126.12,0,0,Koonfur Galbeed,Public,1,Female,Agri,1
59.3,130.84,0,0,Galmudug,Private,1,Female,Agri,1
76.1,62.01,1,1,Puntland,Private,0,Male,Medicine,1
73.4,87.57,0,0,Puntland,Public,1,Female,Eng,1
63.0,53.65,0,0,Galmudug,Private,0,Male,CS,0
52.3,211.09,0,1,Banadir,Private,0,Female,Medicine,1
74.1,146.61,0,0,Puntland,Private,1,Male,CS,1
98.0,625.43,1,1,Banadir,Private,1,Female,Medicine,1
82.6,98.83,1,1,Galmudug,Private,1,Female,Eng,1
74.8,204.36,1,1,Jubaland,Private,1,Female,Medicine,1
55.5,62.43,0,1,Banadir,Private,1,Male,CS,1
62.6,114.84,0,0,Hirshabelle,Public,1,Male,CS,1
64.7,220.42,0,1,Galmudug,Public,1,Female,CS,1
88.2,595.43,0,0,Hirshabelle,Private,1,Female,Eng,1
93.8,638.39,0,1,Puntland,Public,1,Female,CS,1
95.1,58.97,1,0,Koonfur Galbeed,Public,1,Male,CS,1
99.2,224.95,0,0,Puntland,Public,1,Female,Agri,1
99.1,95.49,1,0,Jubaland,Public,0,Male,CS,1
97.6,426.4,0,0,Jubaland,Public,1,Male,Agri,1
53.6,290.95,0,0,Puntland,Private,1,Male,Eng,0
56.9,92.35,1,0,Somaliland,Private,1,Male,Eng,0
65.2,138.61,1,1,Banadir,Public,1,Female,Eng,1
77.6,51.41,0,0,Jubaland,Public,1,Female,CS,1
54.8,143.57,0,1,Galmudug,Private,1,Male,Agri,0
92.3,192.17,0,1,Somaliland,Private,1,Female,Agri,1
80.8,166.23,0,1,Jubaland,Public,1,Male,Medicine,1
77.1,283.94,0,0,Koonfur Galbeed,Private,1,Male,Eng,1
58.3,76.58,0,1,Puntland,Public,1,Male,Medicine,1
62.7,366.72,1,1,Somaliland,Public,1,Female,Agri,1
58.0,135.12,0,1,Banadir,Private,1,Male,Agri,1
92.6,138.65,1,1,Jubaland,Private,1,Female,CS,1
79.2,113.43,1,0,Puntland,Private,1,Male,Agri,1
86.8,321.6,0,0,Hirshabelle,Private,0,Male,Agri,1
64.8,142.59,0,1,Somaliland,Private,0,Female,Eng,0
68.6,116.71,0,0,Galmudug,Private,1,Female,CS,1
70.2,230.95,1,1,Puntland,Private,1,Male,Agri,1
88.0,232.76,1,0,Somaliland,Private,1,Male,Eng,1
88.6,121.67,1,0,Puntland,Public,1,Female,Medicine,1
60.3,396.1,0,0,Jubaland,Private,0,Female,Agri,0
97.1,136.47,0,0,Banadir,Private,1,Male,Eng,1
56.0,283.69,0,1,Banadir,Private,1,Male,Agri,1
94.8,112.9,0,0,Jubaland,Private,1,Male,Eng,1
55.0,323.86,1,1,Jubaland,Private,1,Male,CS,1
63.2,316.34,0,0,Somaliland,Public,1,Female,Agri,1
92.3,277.21,0,1,Jubaland,Public,1,Male,Eng,1
59.0,337.73,0,0,Somaliland,Private,1,Female,Medicine,1
70.7,204.16,0,0,Hirshabelle,Private,1,Female,Medicine,1
72.5,86.74,1,0,Jubaland,Private,1,Male,CS,1
62.3,178.23,0,0,Hirshabelle,Private,1,Female,Eng,1
85.5,92.62,1,1,Puntland,Private,1,Female,Medicine,1
92.6,222.63,1,1,Puntland,Public,1,Male,Agri,1
93.7,71.3,1,0,Somaliland,Public,1,Male,Agri,1
67.0,201.77,1,0,Banadir,Public,1,Male,Eng,1
76.5,78.34,1,0,Galmudug,Public,1,Male,CS,1
62.4,209.76,1,0,Somaliland,Public,1,Male,Eng,1
62.2,787.61,0,0,Somaliland,Private,1,Female,CS,1
58.1,256.61,0,0,Jubaland,Public,1,Male,Agri,1
97.0,116.08,0,1,Banadir,Private,0,Male,Medicine,1
94.4,99.05,0,1,Somaliland,Public,0,Female,Agri,1
88.9,147.35,0,0,Koonfur Galbeed,Public,1,Male,Medicine,1
75.9,178.74,1,0,Galmudug,Public,1,Male,CS,1
74.5,217.38,0,0,Galmudug,Private,1,Male,Agri,1
76.5,102.38,0,0,Jubaland,Private,1,Female,Medicine,1
76.8,230.62,1,0,Jubaland,Private,1,Female,Agri,1
71.7,82.94,0,1,Koonfur Galbeed,Private,1,Female,Agri,1
56.6,517.92,1,0,Koonfur Galbeed,Private,1,Female,Medicine,0
56.3,285.96,0,1,Somaliland,Private,1,Male,Medicine,0
97.6,166.64,1,1,Koonfur Galbeed,Private,1,Male,Eng,1
74.1,256.19,1,1,Banadir,Public,0,Female,Agri,1
97.7,80.52,0,1,Somaliland,Public,1,Male,Agri,1
58.2,402.02,0,0,Somaliland,Private,1,Female,Medicine,0
77.7,466.62,0,0,Galmudug,Public,1,Female,Eng,1
60.4,88.86,0,0,Galmudug,Public,1,Female,CS,1
62.7,56.92,0,1,Jubaland,Private,1,Male,Eng,1
51.5,128.84,1,1,Puntland,Public,0,Female,Agri,1
55.9,249.28,0,0,Jubaland,Private,1,Male,Agri,1
95.8,694.81,1,0,Puntland,Private,1,Male,Medicine,1
66.1,123.31,0,0,Jubaland,Private,1,Female,Medicine,1
80.4,121.79,1,0,Somaliland,Private,1,Male,CS,1
73.3,72.91,0,1,Koonfur Galbeed,Private,0,Male,CS,1
70.0,413.35,0,0,Hirshabelle,Private,1,Female,Medicine,1
76.6,610.93,0,0,Puntland,Public,1,Male,Agri,1
59.4,62.99,0,0,Koonfur Galbeed,Private,1,Male,Medicine,1
99.4,67.06,1,0,Galmudug,Public,1,Male,Medicine,1
90.9,104.73,0,0,Somaliland,Private,1,Female,Eng,1
87.1,451.1,0,1,Jubaland,Public,1,Female,CS,1
73.4,915.64,0,0,Puntland,Private,1,Female,CS,1
57.6,128.35,1,0,Banadir,Public,0,Male,Agri,1
96.0,301.61,0,0,Somaliland,Private,1,Male,CS,1
67.1,211.01,0,0,Hirshabelle,Public,1,Male,Medicine,1
52.5,93.77,0,0,Somaliland,Public,1,Male,Eng,1
67.1,192.77,0,0,Somaliland,Public,1,Male,CS,1
89.7,573.96,0,0,Koonfur Galbeed,Public,1,Male,CS,1
81.1,307.68,1,0,Koonfur Galbeed,Private,1,Female,CS,1
87.5,320.42,0,1,Jubaland,Private,1,Female,Medicine,1
89.7,296.51,1,1,Banadir,Public,1,Male,Agri,1
60.6,77.16,0,1,Galmudug,Private,1,Male,Medicine,1
96.2,177.98,0,0,Hirshabelle,Private,1,Male,Medicine,1
71.9,259.34,0,1,Koonfur Galbeed,Public,1,Male,Medicine,1
82.0,185.51,0,1,Koonfur Galbeed,Private,1,Male,Agri,1
50.1,51.94,0,0,Galmudug,Public,1,Female,CS,1
99.7,66.89,0,0,Banadir,Public,1,Male,Agri,1
64.0,472.26,0,0,Puntland,Public,1,Female,Medicine,1
53.1,305.25,1,1,Hirshabelle,Public,1,Male,Agri,1
72.9,293.84,0,0,Galmudug,Public,1,Female,Medicine,1
56.5,438.69,0,0,Jubaland,Public,1,Female,CS,1
57.6,268.29,0,1,Somaliland,Public,1,Female,Medicine,1
81.6,731.89,0,0,Galmudug,Public,0,Female,CS,0
69.6,473.55,1,1,Somaliland,Private,1,Male,Eng,1
96.1,107.09,0,1,Puntland,Private,1,Male,Eng,1
66.0,124.28,0,1,Koonfur Galbeed,Public,1,Female,Eng,1
86.3,183.93,0,1,Somaliland,Private,1,Female,CS,1
73.1,105.52,0,0,Puntland,Public,1,Female,Eng,1
83.0,402.13,1,1,Banadir,Private,0,Male,Medicine,0
80.0,84.73,0,1,Jubaland,Public,0,Male,Agri,1
73.6,210.37,1,1,Koonfur Galbeed,Private,1,Male,Eng,1
97.5,296.12,0,0,Puntland,Private,1,Male,Eng,1
67.1,210.86,1,0,Puntland,Public,1,Male,Agri,1
58.9,103.1,0,0,Puntland,Public,1,Male,Eng,1
83.9,173.39,0,0,Banadir,Public,1,Female,Eng,1
92.3,77.68,1,0,Galmudug,Public,1,Female,CS,1
52.0,181.39,0,1,Somaliland,Public,1,Male,Eng,1
72.5,195.62,0,1,Hirshabelle,Private,1,Female,Medicine,1
94.6,175.27,1,1,Somaliland,Public,1,Female,CS,1
87.5,192.04,0,0,Galmudug,Private,1,Female,Agri,1
99.6,100.76,1,0,Banadir,Public,1,Female,CS,1
76.6,657.9,1,0,Somaliland,Public,1,Female,Eng,1
83.0,282.63,1,0,Somaliland,Public,1,Male,CS,1
65.1,224.58,1,0,Banadir,Private,1,Male,Medicine,1
97.4,245.17,0,0,Somaliland,Public,1,Male,Agri,1
68.3,135.99,0,0,Jubaland,Public,1,Female,CS,1
86.9,514.92,0,0,Somaliland,Public,1,Female,Eng,1
70.2,77.5,1,0,Jubaland,Private,1,Female,Eng,1
78.1,57.68,1,0,Hirshabelle,Public,1,Male,Agri,1
86.0,250.15,0,0,Hirshabelle,Public,1,Female,CS,1
75.4,206.74,0,1,Banadir,Private,1,Female,Eng,1
95.4,121.22,0,0,Galmudug,Private,1,Male,Medicine,1
71.0,763.31,0,0,Koonfur Galbeed,Public,1,Female,Medicine,1
82.4,274.26,1,0,Koonfur Galbeed,Private,1,Female,Medicine,1
67.1,180.18,0,1,Somaliland,Private,1,Female,Medicine,1
70.4,332.05,1,0,Hirshabelle,Private,1,Female,Medicine,1
72.0,81.84,1,1,Hirshabelle,Public,1,Female,CS,1
56.3,125.06,1,0,Somaliland,Private,1,Male,Medicine,1
54.6,90.08,0,1,Koonfur Galbeed,Public,1,Female,Eng,1
83.4,92.36,1,1,Galmudug,Public,1,Female,Medicine,1
82.8,321.7,1,0,Hirshabelle,Public,1,Female,CS,1
83.1,163.85,1,1,Hirshabelle,Private,1,Male,Medicine,1
51.0,197.68,0,0,Hirshabelle,Private,1,Female,Medicine,1
66.3,116.9,0,1,Koonfur Galbeed,Public,1,Male,Eng,1
59.9,73.73,1,0,Koonfur Galbeed,Private,1,Male,Agri,1
88.9,104.32,0,0,Somaliland,Public,1,Female,Eng,1
93.0,106.23,0,1,Jubaland,Private,1,Male,Eng,1
62.3,219.52,0,1,Galmudug,Private,1,Male,CS,1
83.4,284.46,0,0,Hirshabelle,Private,1,Female,Agri,1
56.5,801.86,0,1,Somaliland,Private,1,Female,Medicine,0
63.8,451.85,0,0,Somaliland,Private,1,Female,Medicine,1
56.9,872.15,0,0,Hirshabelle,Private,1,Female,CS,1
64.2,328.1,1,1,Koonfur Galbeed,Private,1,Male,CS,1
83.7,52.0,1,0,Koonfur Galbeed,Private,1,Male,Eng,1
95.5,70.84,0,0,Puntland,Public,0,Female,CS,1
60.1,213.24,0,1,Koonfur Galbeed,Private,1,Male,CS,1
77.1,174.72,0,0,Hirshabelle,Public,1,Male,CS,1
85.1,94.83,0,0,Puntland,Private,1,Male,Agri,1
97.6,96.76,1,0,Banadir,Private,0,Male,Eng,1
80.5,293.15,0,1,Puntland,Private,1,Male,Agri,1
62.8,129.89,0,0,Koonfur Galbeed,Private,1,Female,Agri,0
81.3,299.04,0,0,Hirshabelle,Private,1,Female,Agri,1
66.0,273.77,0,1,Galmudug,Private,1,Female,Medicine,1
98.8,142.37,1,0,Galmudug,Public,1,Male,CS,1
70.0,190.52,1,0,Somaliland,Public,1,Female,Medicine,1
84.3,117.93,0,1,Koonfur Galbeed,Private,1,Female,CS,1
51.2,221.15,0,1,Puntland,Public,1,Female,Eng,1
70.0,522.45,1,0,Somaliland,Private,1,Male,CS,1
93.8,320.19,0,1,Puntland,Private,0,Female,CS,1
80.5,230.24,1,1,Hirshabelle,Private,1,Male,Eng,1
72.2,299.54,1,0,Jubaland,Private,1,Female,CS,1
96.8,148.1,0,1,Galmudug,Public,1,Female,CS,1
92.7,147.14,1,1,Koonfur Galbeed,Public,1,Male,CS,1
66.1,76.96,0,1,Puntland,Public,1,Male,Eng,1
77.2,137.48,1,0,Koonfur Galbeed,Private,1,Male,CS,1
74.5,192.26,0,1,Banadir,Public,1,Female,CS,1
81.6,127.21,0,1,Hirshabelle,Private,1,Male,CS,1
66.7,61.71,0,0,Galmudug,Public,1,Female,Eng,1
62.2,58.21,0,1,Hirshabelle,Public,1,Female,CS,1
95.6,114.29,0,1,Puntland,Private,1,Female,CS,1
96.2,92.67,0,1,Koonfur Galbeed,Public,1,Male,Agri,1
92.2,161.57,0,1,Hirshabelle,Public,1,Male,Agri,1
98.9,214.51,0,0,Banadir,Public,1,Female,CS,1
87.2,210.45,0,0,Jubaland,Public,1,Male,CS,1
88.2,87.6,1,0,Hirshabelle,Private,1,Male,CS,1
88.1,319.63,1,0,Jubaland,Private,1,Female,Eng,1
74.0,479.08,0,0,Somaliland,Private,1,Male,CS,1
72.8,220.77,0,1,Puntland,Public,1,Male,Agri,1
62.0,193.65,1,1,Jubaland,Private,1,Female,Agri,1
82.2,88.48,1,0,Koonfur Galbeed,Public,1,Female,Eng,1
64.5,55.06,0,1,Galmudug,Public,1,Male,CS,1
62.9,292.3,1,0,Hirshabelle,Private,1,Female,Agri,1
79.3,513.83,0,0,Hirshabelle,Private,1,Female,Eng,1
70.5,591.57,0,0,Hirshabelle,Private,1,Female,Eng,1
60.9,59.71,1,0,Somaliland,Public,1,Female,CS,1
90.8,250.11,1,0,Hirshabelle,Private,1,Female,Eng,1
93.0,163.21,1,1,Somaliland,Public,0,Male,Agri,1
58.4,53.49,0,1,Galmudug,Private,1,Female,Agri,1
50.4,141.29,0,0,Somaliland,Private,1,Female,Eng,1
66.8,100.72,0,0,Koonfur Galbeed,Private,1,Male,Medicine,1
89.9,184.02,0,0,Hirshabelle,Public,1,Male,Medicine,1
92.0,251.69,0,1,Galmudug,Public,1,Female,Eng,1
56.9,182.64,0,1,Jubaland,Private,1,Female,Agri,0
88.7,219.91,0,0,Jubaland,Private,0,Female,Eng,0
55.8,213.39,1,0,Hirshabelle,Private,1,Female,CS,1
69.5,50.21,0,0,Puntland,Private,0,Male,CS,1
99.9,660.47,0,1,Hirshabelle,Public,1,Male,Eng,1
59.6,330.59,1,0,Puntland,Private,1,Female,Agri,1
57.7,55.21,0,0,Banadir,Private,1,Female,CS,1
71.1,95.28,1,0,Hirshabelle,Public,1,Male,Medicine,1
81.0,97.72,0,0,Galmudug,Private,1,Female,Agri,1
96.6,71.12,0,0,Somaliland,Public,1,Male,Medicine,1
99.0,64.19,1,0,Galmudug,Private,1,Male,CS,1
53.5,174.51,0,1,Hirshabelle,Public,1,Female,Medicine,1
56.9,70.88,1,0,Hirshabelle,Private,1,Male,Medicine,1
89.5,302.99,1,0,Koonfur Galbeed,Private,1,Female,CS,1
63.5,175.3,0,0,Hirshabelle,Private,1,Female,Eng,0
94.2,95.49,1,0,Jubaland,Private,1,Male,Eng,1
83.2,284.92,1,1,Puntland,Private,1,Male,Eng,1
55.6,253.28,1,1,Banadir,Public,1,Female,Eng,1
91.6,564.96,0,0,Galmudug,Private,1,Male,CS,1
58.8,81.15,0,1,Galmudug,Private,1,Male,CS,1
71.2,76.38,1,1,Galmudug,Private,1,Male,CS,1
77.6,78.92,0,1,Banadir,Private,1,Male,CS,1
75.0,129.71,0,0,Galmudug,Private,1,Male,Eng,1
84.3,381.38,0,0,Hirshabelle,Private,1,Male,CS,1
82.6,622.76,0,0,Hirshabelle,Public,1,Male,Eng,1
99.6,212.92,0,1,Jubaland,Public,1,Female,CS,1
100.0,350.49,0,1,Banadir,Public,0,Female,CS,1
75.8,799.85,0,0,Jubaland,Private,1,Male,CS,1
54.8,55.7,0,0,Galmudug,Private,1,Male,Medicine,1
86.4,483.46,1,0,Jubaland,Private,1,Male,Eng,1
98.8,117.96,0,0,Galmudug,Public,1,Male,Agri,1
65.9,51.98,0,1,Jubaland,Private,1,Female,CS,1
73.1,139.66,0,0,Jubaland,Public,1,Male,Eng,1
71.2,564.57,0,1,Somaliland,Private,1,Male,Eng,1
52.6,143.64,1,1,Galmudug,Public,1,Male,Medicine,1
83.6,177.62,1,1,Puntland,Private,1,Male,CS,1
67.7,99.18,0,1,Jubaland,Public,0,Male,CS,1
89.4,50.66,0,0,Somaliland,Public,1,Male,CS,1
91.6,480.1,0,1,Galmudug,Public,1,Male,Agri,1
91.1,204.39,0,1,Koonfur Galbeed,Private,1,Female,Medicine,1
70.8,62.47,0,0,Galmudug,Public,1,Female,Medicine,1
66.1,229.37,0,0,Banadir,Public,1,Female,Eng,1
87.4,99.03,0,0,Galmudug,Public,1,Female,Medicine,1
90.1,60.36,0,0,Somaliland,Private,1,Female,Eng,1
74.6,133.93,0,0,Banadir,Public,1,Female,CS,1
94.7,368.15,0,0,Puntland,Private,1,Male,Medicine,1
57.2,425.99,0,1,Koonfur Galbeed,Private,0,Female,CS,0
94.0,273.08,0,0,Somaliland,Private,1,Male,CS,1
54.8,237.78,0,0,Puntland,Public,1,Female,CS,1
57.7,96.28,0,0,Banadir,Private,1,Female,Eng,1
76.7,78.46,0,0,Galmudug,Private,1,Male,Eng,1
53.4,351.72,0,1,Hirshabelle,Public,1,Male,Eng,1
52.6,131.6,1,0,Somaliland,Private,0,Male,CS,0
50.0,522.93,1,0,Banadir,Public,1,Male,Agri,1
71.8,194.36,0,0,Somaliland,Private,1,Male,CS,1
88.7,279.53,0,0,Galmudug,Private,1,Male,Agri,1
51.7,237.32,1,1,Banadir,Private,1,Female,Eng,1
82.6,167.02,1,1,Puntland,Public,1,Male,Eng,1
91.2,52.08,0,0,Banadir,Public,1,Female,Medicine,1
58.4,75.6,0,1,Jubaland,Public,1,Male,Eng,1
57.3,91.92,0,0,Puntland,Private,1,Female,Eng,1
93.0,62.96,0,1,Puntland,Private,1,Female,CS,1
91.2,74.48,0,0,Banadir,Private,1,Male,Eng,1
76.9,195.6,0,0,Hirshabelle,Public,1,Male,CS,1
91.0,212.62,0,1,Jubaland,Public,0,Female,Medicine,1
54.6,271.11,0,1,Koonfur Galbeed,Public,1,Female,Eng,1
69.7,86.51,0,0,Somaliland,Private,1,Male,Agri,1
86.9,332.23,1,1,Puntland,Public,1,Male,Medicine,1
62.9,91.75,0,1,Puntland,Private,1,Female,CS,1
87.6,53.73,0,0,Koonfur Galbeed,Private,1,Female,Medicine,1
75.2,138.87,0,1,Galmudug,Public,1,Male,CS,1
87.5,86.13,1,1,Somaliland,Public,1,Female,Medicine,1
73.2,210.68,0,0,Galmudug,Private,1,Female,Medicine,1
68.4,508.13,0,0,Jubaland,Private,1,Female,Eng,1
61.0,153.29,0,1,Banadir,Public,1,Male,CS,1
60.4,496.81,1,1,Galmudug,Private,1,Male,CS,1
87.6,133.87,1,0,Banadir,Public,1,Female,Medicine,1
55.9,54.82,1,0,Puntland,Public,1,Female,CS,1
54.3,480.6,1,0,Galmudug,Private,1,Female,CS,1
58.8,164.69,0,1,Jubaland,Public,1,Male,Medicine,1
58.8,398.38,0,1,Puntland,Public,1,Female,Medicine,1
91.2,92.31,0,0,Banadir,Public,1,Female,CS,1
69.9,192.21,1,1,Galmudug,Private,1,Female,Eng,1
99.5,64.96,0,1,Galmudug,Private,1,Female,Agri,1
56.9,217.53,0,0,Puntland,Private,1,Male,Medicine,0
82.7,140.17,1,0,Somaliland,Public,1,Female,CS,1
72.4,345.55,0,0,Somaliland,Public,1,Male,CS,1
69.6,218.53,0,0,Koonfur Galbeed,Public,1,Female,CS,1
93.8,226.14,0,0,Hirshabelle,Public,1,Female,Eng,1
98.8,130.31,1,1,Puntland,Public,1,Female,Eng,1
93.6,239.99,1,1,Jubaland,Private,1,Male,CS,1
59.6,296.31,0,0,Koonfur Galbeed,Public,1,Female,CS,1
61.0,184.01,1,1,Somaliland,Public,0,Female,Medicine,0
82.8,367.56,1,1,Banadir,Private,1,Male,Medicine,1
64.5,97.32,1,0,Somaliland,Public,1,Male,Agri,1
86.7,174.19,1,0,Galmudug,Public,1,Male,CS,1
78.3,224.18,0,1,Koonfur Galbeed,Private,1,Male,CS,1
77.5,127.14,1,1,Somaliland,Private,0,Female,Medicine,1
91.4,90.15,0,0,Banadir,Public,1,Female,CS,1
85.5,68.09,1,1,Puntland,Public,0,Female,CS,1
51.3,206.73,0,1,Somaliland,Private,1,Female,Medicine,1
52.5,99.41,1,1,Banadir,Private,1,Male,Medicine,0
80.1,61.4,1,1,Banadir,Public,1,Female,CS,1
74.3,199.23,0,0,Galmudug,Private,1,Male,Eng,1
63.0,69.78,1,0,Hirshabelle,Private,1,Male,Medicine,1
70.9,424.07,0,0,Puntland,Public,1,Female,CS,1
87.9,65.19,0,1,Jubaland,Private,1,Female,Agri,1
91.3,294.82,0,1,Galmudug,Private,1,Male,CS,1
78.1,229.05,1,1,Galmudug,Private,1,Male,Agri,1
69.3,59.26,0,0,Koonfur Galbeed,Private,1,Male,Agri,1
63.5,128.28,0,0,Koonfur Galbeed,Public,1,Male,Medicine,1
76.1,354.57,1,0,Somaliland,Private,0,Male,CS,1
65.7,79.36,0,0,Koonfur Galbeed,Private,1,Male,Agri,1
78.2,161.26,0,0,Banadir,Private,1,Male,Medicine,1
83.8,358.14,1,1,Koonfur Galbeed,Public,1,Male,CS,1
53.3,83.25,1,0,Banadir,Private,0,Female,Eng,0
50.1,100.6,1,1,Banadir,Public,1,Male,Medicine,1
60.6,68.87,0,1,Banadir,Public,1,Male,Agri,1
94.7,475.94,1,1,Banadir,Public,1,Female,Eng,1
82.3,66.5,0,0,Jubaland,Private,1,Male,Agri,1
58.6,581.77,0,1,Galmudug,Private,1,Female,Eng,1
94.5,136.71,0,1,Hirshabelle,Public,0,Female,Eng,1
73.5,324.47,0,0,Banadir,Private,1,Female,Medicine,1
73.8,288.45,1,1,Somaliland,Private,1,Male,Agri,1
96.8,217.02,1,1,Banadir,Public,1,Male,Agri,1
53.0,148.17,0,0,Puntland,Private,1,Male,Agri,1
60.8,208.86,0,0,Hirshabelle,Public,0,Male,Eng,0
79.3,116.06,1,0,Galmudug,Private,1,Male,Eng,1
59.8,237.93,1,0,Puntland,Public,1,Female,CS,1
84.0,51.21,0,1,Somaliland,Private,1,Male,Agri,1
60.7,61.71,0,0,Koonfur Galbeed,Public,1,Female,CS,1
55.0,69.18,0,0,Galmudug,Public,1,Female,CS,1
60.3,80.96,0,0,Puntland,Private,1,Male,Medicine,1
71.1,97.17,0,0,Koonfur Galbeed,Private,1,Male,Eng,1
58.8,359.15,0,0,Puntland,Public,1,Female,Eng,1
56.7,691.02,1,1,Somaliland,Public,1,Male,CS,0
93.0,85.64,0,0,Galmudug,Private,1,Female,CS,1
66.0,62.08,0,0,Jubaland,Private,1,Male,CS,1
68.0,89.72,0,1,Banadir,Public,1,Male,Medicine,1
52.8,254.66,1,1,Hirshabelle,Private,1,Male,CS,1
67.9,355.82,0,0,Puntland,Public,1,Male,Eng,1
63.2,140.76,0,0,Galmudug,Public,0,Male,CS,1
80.5,134.08,0,0,Somaliland,Private,1,Female,Medicine,1
60.3,205.55,1,0,Hirshabelle,Private,1,Male,Medicine,1
94.4,267.44,1,0,Koonfur Galbeed,Private,1,Female,Medicine,1
96.5,187.7,0,1,Hirshabelle,Public,1,Male,Agri,1
55.0,54.99,0,1,Koonfur Galbeed,Public,1,Male,CS,1
55.4,724.3,0,0,Jubaland,Private,1,Male,Medicine,0
55.8,136.22,1,1,Banadir,Private,1,Male,Eng,1
81.0,156.26,1,0,Jubaland,Private,0,Female,CS,1
56.1,66.14,0,0,Jubaland,Public,0,Male,Agri,1
92.6,60.34,0,0,Hirshabelle,Private,1,Male,Agri,1
87.7,61.77,1,0,Puntland,Private,1,Female,Eng,1
91.0,178.0,1,1,Galmudug,Private,0,Male,Agri,1
76.3,60.71,0,0,Jubaland,Public,1,Female,Medicine,1
99.8,591.68,0,1,Galmudug,Public,1,Female,Medicine,1
52.2,162.2,0,0,Somaliland,Private,1,Female,CS,1
70.1,159.14,1,1,Somaliland,Public,1,Male,CS,1
66.2,371.41,1,1,Puntland,Private,1,Male,CS,1
97.4,156.22,1,0,Hirshabelle,Public,1,Female,Medicine,1
78.8,86.78,1,0,Banadir,Private,1,Male,Medicine,1
90.3,238.42,0,1,Puntland,Public,1,Male,CS,1
58.5,55.95,0,0,Somaliland,Public,0,Female,Eng,0
98.9,71.68,0,0,Puntland,Public,0,Male,CS,1
74.9,201.85,1,1,Koonfur Galbeed,Public,1,Female,Medicine,1
74.7,52.83,0,0,Somaliland,Private,1,Female,CS,1
98.5,186.46,0,0,Puntland,Private,1,Female,Eng,1
69.0,395.29,0,0,Puntland,Private,1,Male,Medicine,1
69.9,817.82,1,0,Puntland,Private,1,Female,Eng,0
79.2,310.44,1,0,Galmudug,Public,1,Male,CS,1
56.4,88.67,1,0,Jubaland,Private,1,Female,Medicine,1
66.1,121.85,0,0,Puntland,Private,0,Female,Agri,0
59.7,104.45,1,0,Koonfur Galbeed,Public,1,Male,CS,1
55.2,108.55,1,0,Galmudug,Private,1,Female,Medicine,1
93.3,244.03,1,1,Somaliland,Private,1,Female,CS,1
79.5,376.51,1,0,Jubaland,Public,1,Male,CS,1
67.9,126.03,1,0,Galmudug,Public,1,Male,Medicine,1
70.4,51.89,1,0,Puntland,Private,1,Female,CS,1
71.6,107.56,0,1,Hirshabelle,Private,1,Male,Medicine,1
81.7,177.74,0,0,Puntland,Public,1,Male,Agri,1
96.3,92.8,0,0,Banadir,Private,1,Male,CS,1
96.6,126.49,1,1,Jubaland,Private,0,Female,CS,1
69.6,353.19,1,0,Koonfur Galbeed,Private,1,Female,Agri,1
66.5,99.42,0,1,Hirshabelle,Private,1,Male,Medicine,1
72.6,162.19,0,1,Somaliland,Private,1,Male,Agri,1
78.4,173.77,1,1,Somaliland,Public,1,Female,Medicine,1
73.1,371.64,1,0,Galmudug,Private,1,Male,Eng,1
82.9,136.55,1,0,Puntland,Public,1,Male,Agri,1
77.7,193.41,0,0,Hirshabelle,Private,1,Female,CS,1
66.0,121.36,1,1,Somaliland,Private,1,Female,Agri,1
67.3,127.67,1,1,Puntland,Private,1,Male,Eng,1
68.9,861.4,0,1,Banadir,Public,1,Male,Agri,0
54.7,167.85,0,0,Galmudug,Public,1,Male,CS,1
58.3,709.59,1,1,Banadir,Private,0,Female,Medicine,0
86.2,149.53,0,0,Hirshabelle,Private,1,Female,CS,1
69.5,58.6,0,1,Koonfur Galbeed,Private,1,Female,Agri,1
60.7,68.06,1,0,Banadir,Public,1,Male,CS,1
78.1,56.55,1,0,Banadir,Public,1,Female,CS,1
87.8,230.64,0,0,Koonfur Galbeed,Private,1,Male,Agri,1
62.9,192.37,1,1,Banadir,Private,1,Female,Medicine,1
91.3,91.93,0,0,Somaliland,Private,1,Female,Eng,1
96.4,269.42,1,0,Koonfur Galbeed,Private,1,Male,CS,1
79.9,337.13,0,0,Banadir,Public,1,Female,Eng,1
83.4,192.07,1,0,Galmudug,Public,1,Female,CS,1
52.6,145.93,1,1,Somaliland,Private,1,Female,Medicine,1
97.3,121.65,0,0,Jubaland,Private,1,Male,Medicine,1
69.6,90.74,0,0,Koonfur Galbeed,Public,1,Male,Medicine,1
96.2,166.95,1,1,Galmudug,Public,1,Female,CS,1
78.9,213.65,0,0,Somaliland,Public,1,Female,CS,1
50.2,162.86,0,0,Koonfur Galbeed,Private,1,Female,Eng,1
51.9,177.41,0,0,Galmudug,Private,1,Male,CS,1
84.0,666.99,1,0,Banadir,Public,0,Male,CS,1
78.1,525.93,0,0,Somaliland,Private,1,Male,Medicine,1
51.3,136.76,0,0,Puntland,Public,1,Male,Medicine,0
87.2,101.9,1,0,Galmudug,Private,1,Female,Eng,1
92.6,1442.14,0,1,Koonfur Galbeed,Private,1,Female,Medicine,1
74.8,71.14,0,1,Banadir,Public,1,Male,Agri,1
73.3,252.96,0,1,Hirshabelle,Private,1,Female,Eng,1
50.3,353.58,0,0,Koonfur Galbeed,Public,1,Male,Agri,1
89.3,53.55,0,0,Koonfur Galbeed,Public,1,Female,Eng,1
66.5,571.35,1,1,Galmudug,Public,1,Female,CS,1
93.9,155.18,0,1,Somaliland,Private,1,Female,Agri,1
68.7,240.72,1,0,Puntland,Private,1,Male,Eng,1
78.3,80.11,0,0,Koonfur Galbeed,Private,1,Male,Eng,1
63.5,606.49,0,0,Somaliland,Private,1,Male,CS,1
58.0,353.09,0,0,Somaliland,Public,1,Female,CS,1
88.7,226.36,0,0,Hirshabelle,Private,1,Male,Eng,1
74.8,114.67,1,0,Hirshabelle,Private,1,Female,Medicine,1
76.8,243.91,0,1,Hirshabelle,Public,1,Female,Eng,1
98.3,271.28,0,0,Koonfur Galbeed,Private,1,Female,Medicine,1
98.2,700.4,0,0,Koonfur Galbeed,Public,1,Female,Medicine,1
92.8,72.97,1,0,Puntland,Private,1,Female,CS,1
59.4,159.03,0,1,Puntland,Private,1,Female,CS,1
79.7,95.11,1,1,Puntland,Private,1,Female,CS,1
93.9,107.46,0,0,Galmudug,Public,1,Female,Agri,1
68.7,549.26,0,0,Galmudug,Private,1,Female,Eng,1
55.1,68.83,1,1,Koonfur Galbeed,Private,1,Female,Agri,1
90.5,335.6,0,1,Hirshabelle,Private,1,Female,Eng,1
74.1,639.02,0,0,Hirshabelle,Private,1,Female,Eng,1
78.2,54.14,1,1,Banadir,Private,1,Female,Medicine,1
99.1,98.94,0,0,Galmudug,Private,1,Male,Agri,1
80.4,125.62,0,0,Hirshabelle,Public,1,Female,Agri,1
71.2,72.16,0,0,Koonfur Galbeed,Public,0,Female,Eng,0
68.5,63.49,0,0,Somaliland,Public,0,Male,CS,1
70.9,98.74,1,0,Hirshabelle,Public,1,Female,Eng,1
55.9,85.02,0,0,Somaliland,Private,1,Male,CS,1
89.7,250.77,1,1,Puntland,Private,1,Female,CS,1
91.9,249.51,1,0,Somaliland,Private,1,Female,Eng,1
64.2,259.28,1,1,Puntland,Private,1,Female,Agri,1
65.2,544.31,1,0,Koonfur Galbeed,Public,1,Female,CS,1
93.7,65.44,1,0,Puntland,Public,1,Female,CS,1
51.2,170.02,1,1,Banadir,Public,1,Female,Agri,1
76.0,156.74,0,1,Galmudug,Private,1,Female,CS,1
73.2,564.03,0,1,Galmudug,Public,1,Female,CS,1
84.5,91.19,1,1,Jubaland,Private,1,Female,Eng,1
58.2,295.45,0,0,Puntland,Private,1,Male,Agri,0
83.4,85.72,1,0,Jubaland,Public,1,Female,Medicine,1
68.8,65.66,0,0,Koonfur Galbeed,Private,1,Male,Medicine,1
80.9,220.61,1,0,Banadir,Private,1,Male,Medicine,1
52.0,217.49,0,0,Hirshabelle,Private,1,Female,CS,1
73.1,620.48,1,0,Banadir,Public,1,Female,Eng,1
76.1,69.67,0,1,Puntland,Public,1,Female,Agri,1
60.7,127.94,0,1,Koonfur Galbeed,Private,1,Male,Medicine,1
57.0,480.34,1,1,Somaliland,Private,1,Male,CS,1
59.4,204.39,1,1,Jubaland,Private,1,Female,CS,1
67.2,307.93,1,0,Somaliland,Public,1,Male,CS,1
54.8,69.75,1,0,Galmudug,Public,1,Male,CS,1
97.4,53.81,0,1,Somaliland,Public,1,Male,CS,1
70.2,168.04,1,1,Jubaland,Private,1,Female,Eng,1
90.4,115.34,0,0,Hirshabelle,Public,1,Male,CS,1
98.7,246.15,0,0,Jubaland,Private,1,Male,Eng,1
54.0,342.75,0,0,Jubaland,Private,1,Female,Medicine,1
82.6,497.21,0,0,Hirshabelle,Public,1,Female,Agri,1
93.6,511.7,0,0,Somaliland,Private,1,Male,Agri,1
81.7,266.65,1,0,Hirshabelle,Public,1,Male,Medicine,1
71.5,66.51,0,1,Hirshabelle,Public,1,Male,CS,1
71.6,118.45,1,1,Koonfur Galbeed,Private,1,Male,Eng,1
51.8,191.7,0,0,Jubaland,Public,1,Female,CS,1
76.7,554.62,0,1,Jubaland,Private,1,Male,CS,1
99.7,52.81,1,1,Banadir,Private,1,Female,CS,1
97.9,334.03,0,0,Banadir,Private,1,Male,Agri,1
52.0,106.36,0,1,Banadir,Public,1,Female,CS,1
85.3,78.12,1,0,Galmudug,Private,1,Male,Medicine,1
65.1,72.2,0,0,Somaliland,Public,0,Male,Medicine,1
95.1,144.6,0,0,Somaliland,Private,1,Female,Eng,1
52.3,493.07,1,1,Galmudug,Public,1,Male,CS,1
96.8,268.67,0,1,Somaliland,Private,1,Female,Agri,1
91.9,384.02,1,0,Banadir,Public,1,Male,Eng,1
55.9,218.92,1,0,Jubaland,Private,1,Female,Medicine,0
53.0,174.72,0,0,Jubaland,Public,1,Female,Medicine,1
91.7,1008.12,0,1,Banadir,Private,1,Female,Agri,1
57.8,379.59,0,0,Puntland,Private,1,Male,Eng,0
76.7,461.12,1,0,Puntland,Public,1,Male,Medicine,1
95.8,50.12,0,1,Galmudug,Public,0,Female,Medicine,1
78.4,60.01,1,0,Puntland,Public,0,Female,CS,1
69.9,223.23,0,0,Banadir,Public,0,Female,CS,0
72.3,469.68,1,0,Puntland,Private,1,Female,CS,1
53.2,280.54,0,0,Jubaland,Private,1,Female,CS,1
98.4,51.25,0,0,Hirshabelle,Private,1,Female,CS,1
65.5,298.95,0,0,Banadir,Public,1,Male,Agri,1
59.5,339.81,0,0,Koonfur Galbeed,Public,1,Male,Eng,1
64.3,829.23,1,1,Somaliland,Private,1,Male,Agri,1
98.2,50.89,0,0,Somaliland,Public,1,Female,Eng,1
54.7,67.67,0,1,Banadir,Public,1,Female,Eng,1
93.4,396.85,0,0,Puntland,Public,1,Male,CS,1
85.4,257.55,0,1,Jubaland,Private,1,Male,Eng,1
91.5,137.91,1,0,Galmudug,Private,1,Male,CS,1
98.8,173.23,1,1,Hirshabelle,Public,1,Female,Medicine,1
92.1,193.28,1,0,Jubaland,Private,1,Male,Agri,1
97.2,499.79,0,0,Banadir,Private,1,Male,Agri,1
56.3,404.2,0,0,Somaliland,Private,1,Male,CS,1
89.8,172.68,1,0,Hirshabelle,Private,1,Female,Eng,1
77.3,158.26,0,1,Galmudug,Private,1,Female,CS,1
77.2,139.82,1,1,Galmudug,Private,1,Female,CS,1
94.9,207.6,0,1,Jubaland,Private,1,Female,CS,1
98.6,333.98,0,0,Jubaland,Private,1,Male,CS,1
85.2,296.7,1,1,Koonfur Galbeed,Private,0,Male,Eng,1
74.1,450.76,0,1,Galmudug,Public,1,Female,Medicine,1
72.8,216.55,1,0,Galmudug,Public,0,Female,CS,1
69.3,242.32,0,0,Somaliland,Public,1,Female,Agri,1
68.1,163.88,0,1,Jubaland,Public,1,Female,Medicine,1
69.6,444.34,0,0,Galmudug,Private,1,Female,Medicine,0
54.5,877.36,0,0,Koonfur Galbeed,Public,1,Female,Medicine,1
53.9,141.92,0,1,Hirshabelle,Private,1,Male,Medicine,0
89.0,275.0,0,0,Galmudug,Public,1,Male,Medicine,1
72.3,91.54,1,0,Hirshabelle,Public,1,Male,Eng,1
96.5,213.16,1,0,Banadir,Public,1,Male,Agri,1
80.6,308.03,0,1,Puntland,Private,1,Female,Medicine,1
51.8,114.15,0,1,Puntland,Public,1,Female,Medicine,0
57.9,165.23,0,1,Galmudug,Private,1,Male,CS,0
60.3,650.01,1,1,Hirshabelle,Public,1,Female,Agri,1
98.8,50.7,0,0,Puntland,Private,0,Female,Medicine,1
60.9,454.54,0,1,Puntland,Private,1,Female,CS,1
75.8,695.89,0,0,Jubaland,Private,1,Male,Agri,1
96.8,252.16,0,0,Koonfur Galbeed,Private,1,Male,Eng,1
98.9,243.64,0,1,Banadir,Private,1,Female,CS,1
61.8,148.89,0,1,Koonfur Galbeed,Public,1,Male,CS,1
52.5,435.42,1,0,Puntland,Public,1,Male,Medicine,0
57.7,246.0,0,1,Puntland,Private,1,Female,Agri,1
53.2,209.2,0,1,Galmudug,Private,1,Female,Medicine,1
59.8,174.48,0,0,Hirshabelle,Private,1,Male,CS,1
78.4,256.1,0,0,Koonfur Galbeed,Public,1,Male,Eng,1
95.6,50.36,0,0,Banadir,Public,1,Female,Medicine,1
76.9,121.84,0,0,Banadir,Public,1,Male,CS,1
81.3,192.15,0,0,Jubaland,Public,0,Female,Agri,1
60.1,206.81,1,0,Jubaland,Private,1,Male,CS,1
90.0,163.82,0,0,Puntland,Private,0,Male,Agri,1
80.9,451.63,1,0,Galmudug,Private,1,Female,Eng,1
93.2,261.07,0,1,Puntland,Public,1,Male,CS,1
97.4,221.22,0,1,Koonfur Galbeed,Public,0,Male,Eng,1
67.4,659.45,1,0,Puntland,Public,1,Female,Eng,1
54.5,418.65,1,0,Galmudug,Private,1,Female,Eng,1
61.3,485.54,0,0,Jubaland,Private,1,Male,Eng,0
71.9,390.81,1,0,Banadir,Public,1,Male,CS,1
97.3,275.39,0,0,Galmudug,Public,1,Male,CS,1
68.9,328.9,0,0,Puntland,Public,1,Female,Eng,1
88.5,132.84,1,0,Jubaland,Private,1,Female,CS,1
77.0,83.75,1,1,Galmudug,Private,1,Female,CS,1
59.1,291.37,0,0,Banadir,Public,1,Male,Medicine,1
66.0,68.92,1,1,Puntland,Private,1,Male,CS,1
82.7,238.74,0,0,Somaliland,Private,1,Male,Eng,1
83.6,60.3,0,0,Koonfur Galbeed,Private,0,Male,Agri,1
71.7,243.62,1,1,Puntland,Public,1,Male,Agri,1
61.4,79.56,0,0,Koonfur Galbeed,Public,1,Male,CS,1
86.1,153.42,0,1,Jubaland,Private,1,Male,Medicine,1
58.4,107.58,0,1,Koonfur Galbeed,Private,1,Female,Agri,1
96.8,169.78,0,0,Hirshabelle,Public,1,Male,Medicine,1
59.4,141.54,0,0,Somaliland,Public,1,Female,Eng,1
55.4,72.12,1,0,Jubaland,Private,1,Male,Eng,1
74.9,70.38,1,0,Hirshabelle,Private,1,Male,Medicine,1
76.0,60.71,1,0,Banadir,Public,1,Female,CS,1
75.4,182.96,0,0,Galmudug,Public,1,Female,Eng,1
71.8,65.44,0,1,Jubaland,Private,1,Female,CS,1
99.7,124.04,0,1,Banadir,Private,1,Female,Agri,1
74.3,119.2,0,0,Koonfur Galbeed,Private,1,Male,Eng,1
73.9,129.53,0,0,Puntland,Public,1,Female,CS,1
71.1,197.66,1,1,Koonfur Galbeed,Public,1,Female,Eng,1
53.3,98.56,1,1,Puntland,Public,0,Female,Medicine,0
79.6,137.23,0,0,Jubaland,Public,1,Female,CS,1
61.4,901.6,0,0,Somaliland,Public,1,Female,Agri,0
81.9,381.62,1,1,Koonfur Galbeed,Private,1,Female,Eng,1
52.5,511.76,0,1,Koonfur Galbeed,Private,1,Female,Eng,1
99.1,149.3,1,1,Hirshabelle,Public,1,Male,Agri,1
73.5,101.33,0,0,Hirshabelle,Private,1,Female,Medicine,1
94.8,179.22,0,0,Hirshabelle,Public,0,Female,Medicine,1
73.8,133.01,0,0,Somaliland,Private,1,Male,CS,1
53.0,410.4,1,0,Koonfur Galbeed,Public,1,Male,CS,1
91.1,446.38,0,1,Jubaland,Public,1,Female,Medicine,1
82.4,224.29,1,0,Somaliland,Private,1,Male,Medicine,1
89.1,172.43,0,1,Puntland,Public,1,Female,Eng,1
71.4,147.36,0,1,Galmudug,Public,0,Male,Medicine,0
81.9,195.81,1,1,Puntland,Private,1,Female,Eng,1
92.8,80.71,0,1,Galmudug,Private,1,Female,Agri,1
81.6,481.14,0,1,Banadir,Public,1,Male,Agri,1
67.4,115.74,0,0,Galmudug,Public,1,Male,Medicine,1
83.1,111.94,1,0,Galmudug,Private,1,Female,Agri,1
83.6,664.55,0,0,Jubaland,Public,0,Male,Agri,1
98.0,517.91,0,1,Galmudug,Public,1,Male,CS,1
68.5,294.12,1,1,Koonfur Galbeed,Public,1,Female,Medicine,1
71.3,89.01,1,0,Hirshabelle,Private,1,Female,CS,1
90.6,235.15,1,0,Jubaland,Private,1,Male,Eng,1
75.3,234.56,1,0,Koonfur Galbeed,Private,0,Male,Eng,1
86.8,82.95,1,0,Koonfur Galbeed,Public,1,Female,Medicine,1
73.0,75.25,0,1,Puntland,Public,0,Female,Eng,1
60.8,85.23,0,0,Somaliland,Public,1,Male,Medicine,1
87.3,199.68,1,1,Hirshabelle,Public,1,Male,Medicine,1
56.6,76.05,1,0,Jubaland,Public,1,Male,Agri,1
59.9,89.14,1,0,Banadir,Private,1,Male,Agri,1
81.3,140.26,0,0,Jubaland,Private,1,Female,Eng,1
87.4,170.4,0,1,Somaliland,Public,1,Male,CS,1
94.7,261.72,0,1,Hirshabelle,Private,1,Female,CS,1
63.6,88.09,1,0,Jubaland,Private,1,Male,CS,1
55.5,565.61,0,0,Banadir,Private,1,Female,Medicine,0
97.8,111.4,1,1,Banadir,Private,0,Male,CS,1
57.7,286.05,0,1,Somaliland,Public,1,Female,Agri,1
59.9,56.06,0,1,Puntland,Public,1,Female,Eng,1
64.6,164.63,0,1,Koonfur Galbeed,Public,1,Male,Medicine,1
76.5,113.2,1,1,Puntland,Private,1,Female,CS,1
94.1,337.39,1,0,Galmudug,Private,1,Male,Medicine,1
88.0,457.69,0,1,Banadir,Public,1,Female,Medicine,1
85.4,247.14,0,0,Jubaland,Public,1,Female,Eng,1
58.8,1050.4,0,0,Koonfur Galbeed,Private,1,Female,CS,0
67.9,71.63,0,1,Galmudug,Public,1,Female,Agri,1
73.9,221.15,0,1,Somaliland,Public,1,Male,CS,1
57.4,138.47,1,0,Hirshabelle,Private,1,Male,CS,1
63.7,205.14,1,0,Jubaland,Private,1,Female,Agri,1
65.4,94.54,0,1,Puntland,Public,1,Male,CS,1
56.4,324.27,0,1,Koonfur Galbeed,Public,1,Female,CS,1
77.5,307.17,0,1,Koonfur Galbeed,Public,1,Female,Eng,1
85.3,130.96,0,0,Jubaland,Public,1,Male,Medicine,1
53.5,88.62,0,0,Banadir,Public,1,Female,CS,1
74.1,187.32,1,1,Somaliland,Public,1,Female,CS,1
89.1,214.48,0,1,Jubaland,Private,1,Male,CS,1
87.4,217.84,1,1,Koonfur Galbeed,Public,1,Female,Medicine,1
90.8,207.52,0,1,Hirshabelle,Public,1,Male,CS,1
72.4,84.3,1,0,Puntland,Private,1,Female,Eng,1
91.0,213.49,1,0,Jubaland,Private,0,Female,Agri,1
62.0,160.01,0,1,Puntland,Public,1,Female,CS,1
68.0,447.19,0,0,Jubaland,Public,0,Male,Medicine,0
58.8,50.21,1,1,Jubaland,Public,0,Male,CS,1
73.4,72.55,1,1,Jubaland,Private,1,Male,CS,1
69.6,156.22,0,1,Somaliland,Public,1,Female,CS,1
62.0,210.45,0,0,Jubaland,Private,1,Female,Eng,1
87.6,182.29,0,1,Hirshabelle,Public,1,Male,Medicine,1
65.7,271.97,1,0,Jubaland,Private,1,Male,Medicine,1
63.6,101.58,1,0,Banadir,Public,1,Female,Eng,0
56.5,138.46,0,0,Hirshabelle,Public,1,Male,Agri,1
71.9,154.77,1,0,Galmudug,Public,1,Male,Medicine,1
65.1,262.98,1,1,Galmudug,Private,1,Female,CS,1
68.5,501.11,1,1,Galmudug,Private,1,Male,Agri,1
61.8,247.2,0,0,Puntland,Public,1,Female,Medicine,1
88.2,58.85,0,1,Koonfur Galbeed,Private,1,Male,Eng,1
96.5,149.31,0,0,Koonfur Galbeed,Private,1,Female,Eng,1
74.9,194.36,0,1,Puntland,Private,1,Male,Medicine,1
82.1,71.26,0,1,Puntland,Private,1,Female,CS,1
93.4,88.27,0,0,Puntland,Public,1,Male,CS,1
99.9,199.26,0,0,Koonfur Galbeed,Public,1,Female,Medicine,1
80.7,155.18,1,0,Koonfur Galbeed,Private,0,Male,Medicine,1
94.5,376.14,0,0,Puntland,Private,1,Male,Eng,1
95.4,325.77,1,1,Galmudug,Private,1,Female,Eng,1
89.6,446.22,0,0,Puntland,Private,1,Male,Agri,1
73.0,78.3,0,0,Banadir,Private,1,Female,Agri,1
54.1,335.52,0,0,Puntland,Public,1,Female,Eng,0
50.8,74.27,1,1,Banadir,Public,1,Male,CS,1
73.9,72.71,1,0,Hirshabelle,Private,1,Male,Medicine,1
74.7,111.92,0,1,Hirshabelle,Public,1,Female,Eng,1
70.4,82.14,1,1,Puntland,Private,1,Male,Eng,1
78.4,285.67,0,0,Jubaland,Public,1,Female,CS,1
77.6,68.03,0,0,Puntland,Private,1,Male,Eng,1
91.8,336.39,0,0,Jubaland,Public,1,Male,Medicine,1
55.4,112.73,0,0,Koonfur Galbeed,Public,1,Male,Medicine,1
61.3,340.64,0,1,Koonfur Galbeed,Private,1,Female,Agri,1
89.7,179.99,1,1,Hirshabelle,Public,1,Male,Medicine,1
92.4,242.83,0,0,Puntland,Public,1,Male,Medicine,1
99.7,60.37,0,0,Puntland,Private,1,Female,Eng,1
93.6,310.31,0,0,Puntland,Public,1,Male,Eng,1
94.5,129.6,0,0,Banadir,Private,1,Male,CS,1
65.7,79.5,0,1,Galmudug,Public,1,Male,Eng,1
70.1,124.4,1,1,Galmudug,Private,1,Female,Medicine,1
63.4,143.08,1,1,Koonfur Galbeed,Public,0,Male,Eng,1
80.3,103.69,0,0,Banadir,Private,1,Male,CS,1
96.9,183.3,1,0,Puntland,Public,1,Female,Agri,1
67.2,353.68,0,0,Hirshabelle,Private,1,Male,Eng,1
77.9,155.09,0,1,Galmudug,Public,1,Female,Medicine,1
64.8,80.64,0,1,Somaliland,Private,1,Female,Medicine,1
58.5,147.95,0,1,Puntland,Private,1,Male,Medicine,1
59.8,116.75,0,0,Jubaland,Public,0,Female,Eng,0
52.9,68.56,1,0,Puntland,Public,1,Female,Eng,1
97.5,93.23,0,1,Jubaland,Private,1,Male,Eng,1
70.1,134.79,1,0,Koonfur Galbeed,Private,1,Male,Agri,1
91.7,208.53,1,1,Puntland,Private,1,Male,Medicine,1
84.1,409.76,1,0,Banadir,Private,1,Male,Eng,1
59.6,57.56,1,1,Hirshabelle,Public,1,Male,Medicine,1
58.8,85.55,1,0,Banadir,Private,1,Female,Eng,1
90.6,100.33,0,1,Koonfur Galbeed,Private,1,Female,Medicine,1
63.2,351.13,0,0,Hirshabelle,Private,1,Female,Eng,1
95.7,180.55,0,0,Somaliland,Public,1,Male,CS,1
57.0,112.94,1,0,Somaliland,Public,1,Female,CS,1
83.9,137.98,0,0,Somaliland,Public,1,Male,CS,1
90.7,185.69,0,1,Somaliland,Private,1,Male,Agri,1
61.8,98.17,1,1,Hirshabelle,Public,1,Female,Medicine,1
63.8,356.45,0,1,Hirshabelle,Private,1,Male,Medicine,1
98.2,330.95,1,1,Puntland,Private,1,Female,Medicine,1
63.2,181.93,0,1,Puntland,Public,0,Male,Medicine,1
71.5,492.9,0,0,Jubaland,Public,1,Male,Agri,1
71.6,53.4,0,1,Galmudug,Public,1,Female,Agri,1
62.7,711.01,0,0,Hirshabelle,Private,1,Male,Agri,1
88.8,830.8,0,1,Somaliland,Private,0,Male,Agri,0
88.6,80.98,0,0,Jubaland,Public,1,Male,CS,1
68.9,110.01,0,1,Banadir,Public,1,Female,CS,1
91.8,149.04,1,0,Jubaland,Public,0,Female,Eng,1
60.7,70.88,1,0,Galmudug,Private,1,Male,Eng,1
50.2,219.13,0,0,Somaliland,Private,1,Male,CS,1
78.6,92.99,0,0,Somaliland,Public,1,Male,Eng,1
99.7,228.06,0,0,Jubaland,Public,1,Female,CS,1
51.9,186.77,1,0,Koonfur Galbeed,Public,0,Male,CS,1
60.4,167.22,1,0,Galmudug,Private,1,Female,Medicine,1
75.9,80.84,0,0,Koonfur Galbeed,Private,1,Female,Agri,1
90.5,130.46,0,0,Banadir,Public,1,Male,Eng,1
54.5,323.63,1,1,Hirshabelle,Private,1,Female,Medicine,1
69.8,390.85,1,0,Banadir,Public,1,Female,Agri,1
87.4,72.28,0,0,Somaliland,Private,1,Female,Agri,1
68.6,64.47,1,0,Somaliland,Public,0,Female,Medicine,1
59.4,143.37,0,0,Puntland,Private,1,Female,Eng,1
59.8,69.87,0,0,Koonfur Galbeed,Public,1,Male,CS,1
70.5,384.06,1,1,Koonfur Galbeed,Private,1,Female,Medicine,0
74.0,402.6,0,0,Jubaland,Private,1,Female,CS,1
93.1,289.02,0,0,Jubaland,Public,1,Male,Medicine,1
82.1,133.43,1,0,Hirshabelle,Private,1,Female,Medicine,1
84.5,70.12,1,0,Galmudug,Private,1,Female,CS,1
99.1,57.17,0,0,Jubaland,Public,1,Female,Medicine,1
70.6,258.14,1,1,Hirshabelle,Public,1,Female,Eng,1
70.2,240.29,1,0,Puntland,Private,1,Male,Eng,1
96.2,118.01,0,1,Puntland,Public,1,Female,CS,1
62.3,241.41,1,0,Banadir,Public,1,Female,CS,1
86.5,204.14,1,0,Banadir,Private,1,Male,Medicine,1
87.7,65.92,0,0,Puntland,Private,0,Male,Agri,1
54.9,101.8,0,0,Galmudug,Public,1,Male,Agri,1
73.4,265.17,1,0,Hirshabelle,Public,1,Male,Medicine,1
60.0,171.02,1,1,Galmudug,Private,0,Female,Eng,1
59.3,372.75,0,1,Jubaland,Public,1,Male,Eng,1
73.2,137.92,0,0,Puntland,Public,0,Male,Agri,1
64.5,498.41,1,0,Banadir,Public,1,Male,CS,1
89.8,349.01,0,1,Galmudug,Public,1,Male,Medicine,1
95.4,393.49,0,0,Banadir,Private,1,Female,Eng,1
90.1,226.06,1,0,Hirshabelle,Public,1,Male,Medicine,1
63.3,68.05,1,1,Somaliland,Public,1,Male,CS,1
63.7,111.99,1,0,Somaliland,Private,1,Female,CS,1
62.7,631.5,1,0,Banadir,Private,1,Female,Medicine,1
56.8,103.94,0,0,Puntland,Private,1,Male,Eng,1
97.2,210.46,1,1,Banadir,Private,1,Male,Eng,1
70.1,451.76,0,0,Hirshabelle,Public,1,Female,CS,1
61.2,416.77,0,1,Jubaland,Public,1,Female,Agri,1
92.3,333.34,1,0,Hirshabelle,Public,1,Female,Medicine,1
70.0,352.66,1,0,Jubaland,Private,1,Female,Agri,1
51.8,292.14,1,0,Koonfur Galbeed,Public,1,Female,CS,1
58.1,318.04,0,1,Hirshabelle,Private,0,Female,Agri,1
82.0,156.47,1,0,Puntland,Public,1,Male,Agri,1
89.1,312.0,1,1,Banadir,Private,0,Male,Agri,1
60.5,157.38,1,0,Koonfur Galbeed,Private,1,Female,Agri,1
95.9,438.71,1,0,Puntland,Private,1,Female,Medicine,1
92.5,160.47,0,0,Hirshabelle,Private,1,Male,Eng,1
92.4,318.93,1,0,Galmudug,Public,1,Female,Eng,1
61.4,178.17,1,0,Galmudug,Public,1,Male,Medicine,1
52.5,71.06,1,1,Puntland,Public,1,Female,Agri,1
93.4,605.27,1,1,Somaliland,Public,1,Male,CS,1
65.3,133.18,1,1,Jubaland,Private,1,Female,Medicine,1
80.9,107.83,0,0,Banadir,Private,1,Male,Agri,1
88.0,65.02,0,0,Somaliland,Private,1,Male,CS,1
56.4,158.24,1,1,Jubaland,Public,1,Female,CS,1
89.0,149.34,1,0,Puntland,Public,1,Male,Medicine,1
96.9,464.55,1,1,Somaliland,Public,1,Male,Eng,1
86.4,293.31,0,1,Koonfur Galbeed,Public,1,Male,Agri,1
72.1,83.52,0,0,Somaliland,Private,1,Female,CS,1
93.8,141.71,1,1,Koonfur Galbeed,Public,1,Male,Eng,1
76.4,210.71,1,1,Koonfur Galbeed,Public,0,Male,Eng,0
87.2,518.73,0,0,Galmudug,Private,1,Female,Eng,1
91.0,59.2,1,1,Puntland,Public,1,Female,Eng,1
87.5,127.25,0,0,Puntland,Private,1,Male,Agri,1
64.4,91.07,0,0,Koonfur Galbeed,Public,1,Female,Medicine,1
55.9,191.44,0,0,Banadir,Private,0,Female,CS,1
61.9,182.5,0,0,Jubaland,Private,1,Male,Eng,1
75.1,284.47,0,0,Galmudug,Public,1,Male,Medicine,1
75.3,173.54,1,1,Hirshabelle,Public,0,Female,Medicine,1
79.1,209.96,1,0,Koonfur Galbeed,Public,1,Female,CS,1
69.8,192.42,1,0,Puntland,Private,1,Male,CS,1
89.3,75.49,0,1,Jubaland,Private,1,Male,Agri,1
95.7,98.52,0,0,Galmudug,Public,1,Female,CS,1
62.3,107.51,0,1,Koonfur Galbeed,Private,1,Female,Eng,1
86.8,1025.25,1,0,Jubaland,Public,1,Female,Eng,1
83.9,70.26,0,1,Banadir,Private,1,Male,CS,1
76.2,80.29,1,1,Koonfur Galbeed,Private,0,Female,CS,1
59.4,53.24,1,0,Jubaland,Public,1,Male,Medicine,1
89.8,174.41,1,0,Puntland,Public,1,Male,Medicine,1
98.0,304.17,0,0,Puntland,Public,1,Female,Medicine,1
86.1,282.05,0,1,Puntland,Public,1,Female,Eng,1
95.9,191.33,0,1,Hirshabelle,Public,1,Female,CS,1
99.2,195.81,0,0,Koonfur Galbeed,Public,1,Female,CS,1
67.6,158.65,1,0,Jubaland,Public,1,Male,CS,1
81.9,182.57,0,1,Banadir,Private,1,Female,Medicine,1
73.7,256.19,1,0,Koonfur Galbeed,Public,1,Female,Medicine,1
99.3,884.13,0,1,Galmudug,Public,1,Male,Agri,1
54.7,466.57,1,1,Jubaland,Private,1,Female,CS,0
70.6,362.2,1,0,Banadir,Private,1,Male,Medicine,1
93.8,475.06,0,0,Koonfur Galbeed,Private,1,Male,Eng,1
64.2,74.97,1,0,Banadir,Public,1,Female,Eng,1
89.4,364.71,0,0,Galmudug,Private,1,Male,Eng,1
69.1,508.18,1,1,Galmudug,Public,1,Female,CS,1
99.0,62.89,1,1,Jubaland,Public,1,Female,Eng,1
94.2,118.76,1,1,Jubaland,Public,1,Female,Medicine,1
65.1,304.0,1,0,Somaliland,Public,1,Female,Eng,1
88.5,104.56,0,0,Galmudug,Public,1,Female,CS,1
66.8,110.67,1,1,Somaliland,Private,1,Male,Eng,1
80.3,320.69,1,0,Jubaland,Private,1,Female,Eng,1
82.9,313.46,0,0,Galmudug,Public,0,Female,Eng,0
91.5,70.39,0,0,Hirshabelle,Public,0,Male,CS,1
51.2,137.02,1,1,Puntland,Private,1,Female,Eng,1
61.0,140.71,1,1,Koonfur Galbeed,Private,1,Female,Eng,1
85.6,76.53,0,0,Banadir,Private,0,Male,Medicine,1
78.2,108.03,1,1,Puntland,Public,1,Male,Medicine,1
74.8,55.9,1,0,Somaliland,Public,0,Male,CS,1
52.8,109.65,0,0,Somaliland,Private,1,Female,CS,1
67.4,155.88,0,0,Somaliland,Private,0,Male,Eng,0
93.3,122.76,1,1,Somaliland,Public,1,Male,Medicine,1
51.5,323.45,1,0,Jubaland,Private,1,Female,Eng,1
69.8,329.15,0,0,Hirshabelle,Private,1,Female,Eng,1
97.3,198.93,0,0,Hirshabelle,Public,1,Female,Eng,1
52.5,115.42,1,1,Somaliland,Public,1,Female,Eng,1
87.5,57.66,1,1,Puntland,Public,1,Female,Eng,1
62.9,76.01,1,0,Galmudug,Private,0,Female,Medicine,0
93.3,316.26,0,1,Banadir,Public,1,Male,CS,1
87.3,64.22,1,0,Jubaland,Private,1,Male,Agri,1
94.3,57.55,0,0,Puntland,Public,1,Female,Agri,1
60.8,139.67,0,0,Galmudug,Private,1,Female,Medicine,1
76.6,383.02,1,1,Banadir,Private,1,Female,Agri,1
89.0,253.86,1,0,Hirshabelle,Public,0,Male,Agri,1
62.3,361.99,0,0,Puntland,Public,1,Male,Medicine,1
61.5,128.56,1,0,Jubaland,Private,1,Male,Eng,1
51.4,166.77,0,0,Galmudug,Public,0,Male,Eng,0
97.9,145.91,0,1,Jubaland,Public,0,Female,CS,1
85.5,261.32,0,1,Jubaland,Public,1,Female,CS,1
81.8,146.43,0,0,Puntland,Public,1,Female,Medicine,1
87.2,282.47,1,1,Hirshabelle,Public,1,Female,Eng,1
76.6,137.14,1,0,Jubaland,Public,1,Male,Medicine,1
73.8,123.97,1,0,Puntland,Public,1,Female,Eng,1
72.5,184.36,0,0,Puntland,Private,1,Female,Eng,1
82.0,94.0,0,1,Jubaland,Public,1,Female,Eng,1
60.1,1366.48,0,0,Hirshabelle,Public,0,Male,CS,0
94.4,176.96,1,1,Koonfur Galbeed,Public,1,Male,Medicine,1
90.6,195.14,0,0,Somaliland,Private,1,Female,CS,1
67.5,190.9,0,1,Somaliland,Private,1,Male,CS,1
78.9,54.77,1,0,Banadir,Private,1,Female,CS,1
57.1,205.74,1,1,Jubaland,Public,1,Female,CS,1
98.6,292.09,0,1,Puntland,Public,1,Female,CS,1
95.1,178.97,0,0,Hirshabelle,Public,1,Female,Eng,1
96.1,204.94,1,1,Jubaland,Public,1,Female,Medicine,1
66.6,180.88,0,1,Puntland,Private,1,Female,CS,1
58.5,323.17,0,0,Koonfur Galbeed,Private,0,Female,Agri,0
60.6,134.12,1,0,Hirshabelle,Public,1,Male,Medicine,1
54.5,113.85,0,1,Somaliland,Public,1,Female,Agri,1
56.0,154.01,0,1,Banadir,Private,1,Female,Eng,1
53.6,185.1,0,0,Puntland,Public,1,Male,CS,1
99.5,158.76,0,1,Somaliland,Private,1,Male,Agri,1
53.7,164.2,0,0,Somaliland,Public,1,Male,Agri,1
56.6,205.79,0,0,Hirshabelle,Public,1,Male,Eng,1
91.4,54.62,0,0,Koonfur Galbeed,Private,1,Female,Medicine,1
79.0,727.64,0,0,Hirshabelle,Private,1,Female,Medicine,1
88.7,159.15,1,0,Hirshabelle,Public,1,Male,Medicine,1
81.5,190.39,1,0,Banadir,Public,1,Male,Eng,1
94.1,327.0,0,0,Puntland,Public,1,Female,Medicine,1
81.9,154.04,0,0,Koonfur Galbeed,Public,1,Female,CS,1
76.1,232.84,1,1,Galmudug,Public,0,Male,CS,0
85.6,672.95,1,0,Puntland,Private,1,Female,CS,1
72.4,201.7,1,1,Hirshabelle,Public,1,Female,CS,1
67.3,360.91,0,0,Puntland,Private,1,Male,Medicine,1
73.4,263.7,0,0,Hirshabelle,Private,1,Male,Agri,1
58.5,156.57,0,0,Koonfur Galbeed,Public,1,Female,CS,1
89.8,173.02,1,1,Jubaland,Private,0,Female,Medicine,1
63.0,85.89,0,0,Galmudug,Public,1,Female,CS,1
57.7,198.52,0,0,Hirshabelle,Private,1,Female,Medicine,0
62.3,161.93,0,1,Koonfur Galbeed,Private,1,Female,Eng,1
92.1,141.95,0,1,Galmudug,Private,1,Male,Medicine,1
66.5,87.03,1,1,Somaliland,Public,1,Male,Agri,1
84.3,165.6,0,0,Puntland,Public,1,Female,Agri,1
92.8,458.8,1,0,Somaliland,Private,0,Male,Agri,1
53.9,85.98,1,0,Banadir,Private,1,Male,Agri,1
88.3,182.98,1,1,Galmudug,Public,0,Male,Medicine,1
65.4,104.11,0,0,Somaliland,Private,1,Female,Eng,1
60.8,119.44,1,0,Galmudug,Public,0,Female,Medicine,0
84.4,55.97,1,0,Banadir,Private,1,Female,Eng,1
95.5,411.5,0,0,Somaliland,Public,1,Male,CS,1
64.8,72.05,0,1,Somaliland,Private,1,Male,CS,1
78.4,182.79,1,0,Banadir,Private,0,Male,CS,1
64.5,187.61,0,0,Hirshabelle,Public,1,Male,Eng,1
77.7,225.95,0,0,Galmudug,Private,1,Male,Eng,1
81.1,82.4,0,0,Hirshabelle,Private,1,Male,CS,1
80.5,329.71,0,0,Hirshabelle,Private,1,Female,Medicine,1
81.2,130.76,0,0,Banadir,Public,1,Male,Medicine,1
56.8,153.28,1,1,Koonfur Galbeed,Public,1,Female,Eng,1
84.7,78.09,0,1,Banadir,Private,1,Female,CS,1
83.7,87.46,1,1,Koonfur Galbeed,Private,1,Male,CS,1
84.1,60.15,0,1,Galmudug,Public,1,Male,Eng,1
53.7,50.44,0,0,Hirshabelle,Private,1,Male,Eng,1
72.3,407.0,0,0,Jubaland,Private,1,Female,Agri,1
70.5,55.96,1,0,Puntland,Public,1,Female,Eng,1
54.3,157.82,1,1,Puntland,Private,1,Female,Agri,1
61.1,478.64,0,0,Banadir,Public,1,Male,Medicine,1
72.0,165.13,0,0,Hirshabelle,Private,1,Female,Medicine,1
87.1,77.29,0,0,Jubaland,Public,1,Female,Agri,1
61.9,494.23,0,0,Puntland,Public,1,Female,CS,1
91.5,277.24,1,1,Banadir,Public,0,Male,Eng,1
77.3,53.42,0,1,Banadir,Private,1,Male,CS,1
88.0,322.89,1,0,Puntland,Public,1,Male,Medicine,1
73.6,268.78,0,1,Hirshabelle,Private,1,Female,CS,1
75.0,378.34,0,0,Koonfur Galbeed,Private,0,Male,Eng,0
81.0,239.96,1,0,Galmudug,Private,1,Female,Eng,1
96.4,91.25,0,0,Koonfur Galbeed,Private,1,Male,CS,1
74.6,243.51,1,1,Somaliland,Private,1,Female,CS,1
76.4,275.7,0,0,Somaliland,Private,1,Female,Medicine,1
80.1,342.53,1,0,Galmudug,Private,1,Male,CS,1
86.9,141.01,0,1,Banadir,Private,1,Male,Medicine,1
53.6,153.64,0,0,Koonfur Galbeed,Private,1,Male,Agri,1
75.8,186.1,1,0,Hirshabelle,Public,1,Male,CS,1
74.1,173.01,0,1,Banadir,Public,1,Female,Medicine,1
96.1,154.15,0,1,Puntland,Private,1,Female,Medicine,1
74.7,109.13,1,1,Galmudug,Public,1,Female,CS,1
73.4,80.32,0,1,Hirshabelle,Public,1,Female,CS,1
98.1,242.2,1,0,Puntland,Private,1,Male,Eng,1
72.5,325.89,1,1,Hirshabelle,Private,1,Male,Eng,1
59.0,180.08,1,1,Jubaland,Private,1,Female,Agri,1
60.8,170.33,0,0,Galmudug,Public,1,Male,Medicine,1
54.8,541.43,0,0,Somaliland,Public,1,Male,Eng,0
50.0,262.76,1,1,Jubaland,Private,1,Male,Agri,1
71.6,162.72,0,0,Somaliland,Public,1,Female,Agri,1
88.5,144.58,0,0,Puntland,Private,1,Female,Agri,1
86.7,134.31,0,1,Puntland,Public,1,Male,CS,1
51.6,202.58,0,1,Puntland,Public,1,Female,Agri,1
78.5,202.53,0,1,Hirshabelle,Private,1,Male,Agri,1
57.7,334.37,1,1,Somaliland,Public,1,Female,Eng,1
97.1,93.05,1,0,Somaliland,Private,1,Male,Eng,1
58.4,341.05,1,1,Hirshabelle,Public,1,Female,Agri,1
81.3,254.97,0,0,Koonfur Galbeed,Private,1,Male,Medicine,1
66.3,125.62,0,1,Puntland,Private,1,Female,Eng,1
82.1,102.41,0,0,Somaliland,Public,1,Male,Eng,1
70.6,253.08,1,1,Somaliland,Private,1,Male,Eng,1
88.0,180.41,0,0,Hirshabelle,Public,0,Male,Eng,1
61.5,80.04,0,1,Galmudug,Private,0,Male,CS,0
95.3,155.59,0,0,Jubaland,Private,1,Male,Medicine,1
75.0,269.87,1,0,Puntland,Public,1,Male,Medicine,1
87.8,265.23,1,0,Somaliland,Public,0,Female,Eng,1
92.5,200.35,1,0,Banadir,Private,1,Female,Eng,1
99.9,261.35,0,1,Galmudug,Public,1,Female,Agri,1
61.2,217.46,1,0,Koonfur Galbeed,Public,0,Male,Eng,1
64.3,199.65,0,0,Hirshabelle,Public,1,Female,Eng,1
62.5,106.8,0,0,Somaliland,Private,1,Female,CS,1
63.1,276.89,0,0,Jubaland,Private,1,Male,Eng,1
79.1,176.06,0,1,Koonfur Galbeed,Private,1,Male,Agri,1
99.7,314.38,0,0,Somaliland,Public,1,Male,Eng,1
99.5,254.12,0,0,Hirshabelle,Private,1,Female,Agri,1
76.3,56.58,0,0,Galmudug,Public,1,Female,Agri,1
82.0,156.11,1,0,Jubaland,Private,1,Male,Medicine,1
93.0,131.03,1,1,Galmudug,Public,1,Female,Eng,1
96.6,107.93,1,0,Puntland,Public,1,Female,Medicine,1
60.2,202.67,0,0,Somaliland,Private,1,Female,Medicine,0
76.4,101.18,0,1,Somaliland,Private,1,Female,CS,1
91.6,79.96,1,0,Hirshabelle,Public,1,Female,CS,1
65.2,80.55,0,0,Galmudug,Public,1,Male,CS,1
72.0,85.32,0,0,Somaliland,Public,0,Female,Eng,0
99.3,196.62,0,1,Hirshabelle,Private,1,Male,CS,1
99.3,540.56,1,0,Jubaland,Public,1,Female,Medicine,1
95.3,119.6,0,0,Koonfur Galbeed,Public,1,Male,Medicine,1
89.9,354.92,1,1,Galmudug,Public,1,Male,Medicine,1
63.5,85.06,0,1,Koonfur Galbeed,Public,0,Female,Agri,1
66.0,123.49,0,1,Koonfur Galbeed,Private,1,Female,Medicine,1
77.4,352.85,0,1,Somaliland,Public,1,Female,CS,1
78.0,261.29,0,0,Puntland,Private,1,Female,Agri,1
75.3,266.23,0,1,Hirshabelle,Private,1,Female,Agri,1
81.8,313.13,1,1,Puntland,Public,1,Female,Eng,1
70.4,550.73,0,0,Hirshabelle,Private,1,Female,Eng,1
87.5,243.12,0,0,Puntland,Private,1,Male,CS,1
66.7,76.02,1,0,Koonfur Galbeed,Private,1,Female,Eng,1
66.5,326.06,0,1,Galmudug,Public,1,Male,CS,1
56.4,298.65,0,0,Jubaland,Public,1,Female,Medicine,0
59.4,338.99,0,0,Jubaland,Private,1,Male,CS,1
92.5,112.71,0,1,Galmudug,Public,1,Male,Eng,1
72.3,188.94,0,1,Somaliland,Public,1,Male,CS,1
61.4,63.28,1,0,Somaliland,Private,0,Male,CS,1
88.0,112.79,0,1,Puntland,Public,0,Female,CS,1
77.7,154.01,1,0,Puntland,Private,1,Female,Eng,1
51.1,130.5,0,1,Koonfur Galbeed,Private,1,Female,CS,1
65.8,333.05,1,0,Hirshabelle,Public,1,Male,Medicine,1
58.9,128.61,1,0,Jubaland,Private,1,Male,Medicine,1
82.8,829.56,0,1,Hirshabelle,Private,1,Male,Eng,1
63.8,117.15,0,0,Galmudug,Private,0,Female,CS,0
53.2,176.06,0,0,Galmudug,Public,1,Female,Agri,1
52.7,63.14,1,0,Banadir,Private,1,Male,Medicine,1
79.1,198.36,1,1,Jubaland,Private,1,Male,CS,1
51.1,134.14,0,1,Banadir,Private,1,Female,CS,1
92.4,702.04,1,1,Galmudug,Public,1,Female,CS,1
57.8,172.55,0,1,Banadir,Private,1,Male,Medicine,1
80.3,63.2,0,1,Jubaland,Public,1,Male,CS,1
72.2,67.6,1,0,Somaliland,Public,1,Female,Agri,1
72.1,64.91,0,0,Banadir,Private,1,Female,Medicine,1
53.6,118.01,0,1,Jubaland,Public,0,Female,CS,0
90.1,110.11,1,1,Puntland,Public,1,Female,Medicine,1
94.7,643.0,0,1,Puntland,Private,1,Female,CS,1
50.6,83.2,1,1,Koonfur Galbeed,Public,1,Male,CS,1
58.9,234.46,0,0,Somaliland,Private,1,Female,Medicine,1
95.2,137.01,0,1,Somaliland,Public,1,Male,CS,1
77.5,242.24,0,1,Banadir,Private,1,Male,CS,0
57.5,110.75,1,1,Somaliland,Private,1,Male,Agri,1
60.1,60.75,0,1,Somaliland,Public,1,Female,Eng,1
83.0,89.33,0,0,Hirshabelle,Private,1,Male,Agri,1
86.2,123.5,1,1,Banadir,Public,1,Male,CS,1
80.0,430.63,1,0,Koonfur Galbeed,Private,1,Female,Agri,1
97.7,261.52,1,1,Banadir,Public,1,Male,Medicine,1
74.7,91.01,0,0,Galmudug,Private,1,Female,CS,1
65.0,153.24,0,0,Banadir,Private,1,Female,Agri,1
73.9,114.21,0,0,Hirshabelle,Public,1,Female,CS,1
68.0,54.0,1,0,Galmudug,Public,1,Female,Medicine,1
61.2,77.16,1,0,Hirshabelle,Private,1,Female,Agri,1
52.3,269.35,1,1,Koonfur Galbeed,Private,1,Female,Eng,1
67.6,206.8,0,0,Hirshabelle,Private,1,Female,Medicine,1
85.6,133.91,0,1,Galmudug,Public,1,Male,Medicine,1
50.9,237.42,0,0,Hirshabelle,Private,1,Male,CS,1
72.0,354.39,0,0,Banadir,Public,0,Female,Agri,0
82.2,342.46,0,1,Galmudug,Private,1,Male,CS,1
80.5,74.25,0,1,Koonfur Galbeed,Private,1,Male,CS,1
88.8,484.18,1,0,Somaliland,Private,1,Male,CS,1
90.5,80.78,1,1,Koonfur Galbeed,Public,1,Female,Agri,1
85.6,280.44,1,1,Jubaland,Public,1,Female,Eng,1
55.1,68.88,1,0,Jubaland,Private,1,Female,Medicine,1
73.8,89.96,1,1,Somaliland,Public,1,Female,Agri,1
80.2,286.15,1,1,Banadir,Public,1,Female,CS,1
62.3,106.83,0,1,Koonfur Galbeed,Public,0,Female,Agri,1
52.1,104.59,1,0,Hirshabelle,Private,1,Female,CS,1
61.2,511.06,0,0,Somaliland,Public,1,Female,Medicine,1
72.7,79.61,0,0,Koonfur Galbeed,Private,1,Female,CS,1
70.7,211.15,0,1,Puntland,Public,1,Male,Agri,1
58.8,362.25,1,1,Hirshabelle,Private,1,Male,Agri,1
91.2,207.56,1,0,Jubaland,Public,1,Male,Eng,1
96.3,139.62,1,1,Galmudug,Public,1,Female,CS,1
60.1,54.01,1,0,Banadir,Private,1,Female,CS,1
96.5,249.44,1,0,Galmudug,Public,1,Female,Medicine,1
50.9,247.08,0,1,Galmudug,Public,1,Female,Medicine,1
96.2,198.54,1,0,Koonfur Galbeed,Private,1,Male,CS,1
97.6,193.13,1,0,Somaliland,Private,1,Male,Eng,1
50.6,258.63,1,0,Banadir,Private,1,Male,Eng,1
88.2,77.23,0,0,Banadir,Public,1,Female,Agri,1
98.5,130.15,0,1,Puntland,Private,1,Male,Medicine,1
95.3,428.36,1,1,Somaliland,Public,1,Male,Medicine,1
98.5,62.51,0,0,Hirshabelle,Private,1,Female,Medicine,1
77.5,580.36,0,0,Puntland,Private,1,Male,CS,1
53.9,303.33,0,0,Puntland,Private,1,Female,Eng,0
92.5,124.41,0,0,Banadir,Private,1,Female,Eng,1
80.7,165.65,0,0,Somaliland,Private,1,Female,CS,1
80.7,263.76,1,0,Galmudug,Public,1,Male,Medicine,1
70.9,64.34,1,1,Puntland,Private,1,Male,Agri,1
78.6,180.0,1,0,Jubaland,Private,1,Male,Medicine,1
57.7,219.05,0,0,Puntland,Private,1,Male,Medicine,1
87.0,338.62,0,0,Hirshabelle,Public,1,Female,Eng,1
53.8,366.72,0,1,Banadir,Private,1,Female,Eng,1
86.5,555.86,0,0,Puntland,Public,0,Male,CS,1
92.4,182.02,0,0,Jubaland,Private,1,Male,Agri,1
73.6,389.88,1,1,Hirshabelle,Private,1,Male,Agri,1
75.5,101.8,1,0,Somaliland,Private,1,Male,CS,1
65.6,188.42,0,1,Banadir,Private,1,Female,CS,0
98.5,230.03,0,0,Jubaland,Public,1,Male,Eng,1
86.7,151.69,0,1,Puntland,Public,1,Male,Eng,1
68.4,206.85,0,1,Somaliland,Public,1,Male,Medicine,1
58.7,464.97,0,0,Koonfur Galbeed,Private,1,Female,Medicine,1
61.0,237.96,0,1,Koonfur Galbeed,Private,1,Male,Eng,1
73.2,169.92,0,0,Puntland,Private,0,Male,Medicine,0
97.1,441.33,0,1,Galmudug,Private,0,Female,CS,1
86.7,475.14,1,1,Jubaland,Private,1,Female,CS,1
60.8,197.8,0,1,Koonfur Galbeed,Public,1,Male,Medicine,1
93.0,166.48,0,1,Koonfur Galbeed,Private,1,Female,Agri,1
68.9,347.02,0,0,Somaliland,Private,1,Male,Eng,1
92.6,529.45,0,0,Banadir,Public,0,Male,Medicine,0
62.1,148.43,0,0,Banadir,Private,1,Female,Agri,1
80.9,156.22,1,1,Banadir,Private,1,Male,Medicine,1
96.3,363.31,1,1,Hirshabelle,Private,1,Female,Medicine,1
62.9,172.89,1,1,Hirshabelle,Private,1,Male,CS,1
84.6,177.56,0,0,Hirshabelle,Private,1,Female,Eng,1
99.4,240.08,0,0,Banadir,Public,1,Male,Eng,1
57.5,75.44,0,1,Banadir,Public,0,Female,Eng,0
54.4,204.63,0,1,Puntland,Private,1,Female,Medicine,1
83.7,67.08,1,0,Galmudug,Public,1,Female,Medicine,1
67.0,64.89,0,0,Banadir,Private,1,Male,CS,1
53.6,312.35,0,0,Galmudug,Public,1,Female,Agri,1
73.8,196.84,0,0,Koonfur Galbeed,Private,1,Male,CS,1
87.7,53.42,0,1,Puntland,Private,1,Female,Eng,1
64.3,192.96,1,0,Hirshabelle,Private,1,Female,Eng,1
66.8,219.37,0,0,Jubaland,Public,1,Male,CS,1
92.3,87.5,0,0,Koonfur Galbeed,Private,1,Male,Medicine,1
76.0,87.32,0,0,Puntland,Private,1,Female,CS,1
